event_date,customer_id,customer_descriptive_name,asset_id,asset_source,asset_type,asset_policy_summary_review_status,asset_policy_summary_policy_topic_entries_topics,asset_policy_summary_approval_status,asset_level,example_campaign_id,example_ad_group_id,counts
,1111111111,UK Account,111111111111,ADVERTISER,SITELINK,REVIEWED,INSUFFICIENT_ORIGINAL_CONTENT,DISAPPROVED,Campaign,123123123,0,1
,1111111111,UK Account,111111111112,ADVERTISER,CALLOUT,REVIEWED,TRADEMARKS_IN_AD_TEXT,APPROVED_LIMITED,Campaign,123123123,0,1
,1111111111,UK Account,111111111113,ADVERTISER,CALLOUT,REVIEWED,TRADEMARKS_IN_AD_TEXT,APPROVED_LIMITED,Account,0,0,1
,1111111111,UK Account,111111111114,ADVERTISER,CALLOUT,REVIEWED,TRADEMARKS_IN_AD_TEXT,APPROVED_LIMITED,Campaign,123123123,321321321,1
,1111111111,UK Account,111111111115,ADVERTISER,CALLOUT,REVIEWED,TRADEMARKS_IN_AD_TEXT,APPROVED_LIMITED,Campaign,123123123,321321321,1
,1111111111,UK Account,111111111116,ADVERTISER,CALLOUT,REVIEWED,TRADEMARKS_IN_AD_TEXT,APPROVED_LIMITED,Account,0,0,1
,1111111111,UK Account,111111111117,ADVERTISER,CALLOUT,REVIEWED,TRADEMARKS_IN_AD_TEXT,APPROVED_LIMITED,Account,0,0,1
,1111111111,UK Account,111111111118,ADVERTISER,CALLOUT,REVIEWED,TRADEMARKS_IN_AD_TEXT,APPROVED_LIMITED,Account,0,0,1
,1111111111,UK Account,111111111119,ADVERTISER,CALLOUT,REVIEWED,TRADEMARKS_IN_AD_TEXT,APPROVED_LIMITED,Account,0,0,1
,1111111111,UK Account,111111111120,ADVERTISER,STRUCTURED_SNIPPET,REVIEWED,TRADEMARKS_IN_AD_TEXT,APPROVED_LIMITED,Campaign,123123123,0,1
,1111111111,UK Account,111111111121,ADVERTISER,SITELINK,REVIEWED,INSUFFICIENT_ORIGINAL_CONTENT,DISAPPROVED,Campaign,123123123,0,5
,1111111111,UK Account,111111111122,ADVERTISER,SITELINK,REVIEWED,INSUFFICIENT_ORIGINAL_CONTENT,DISAPPROVED,Ad Group,123123123,321321321,12
,1111111111,UK Account,111111111123,ADVERTISER,CALLOUT,REVIEWED,TRADEMARKS_IN_AD_TEXT,APPROVED_LIMITED,Ad Group,123123123,321321321,12
,1111111111,UK Account,111111111124,ADVERTISER,CALLOUT,REVIEWED,TOBACCO | RECREATIONAL_DRUGS,DISAPPROVED,Ad Group,123123123,321321321,37
,1111111111,UK Account,111111111125,ADVERTISER,CALLOUT,REVIEWED,TOBACCO | RECREATIONAL_DRUGS,DISAPPROVED,Ad Group,123123123,321321321,37
,1111111111,UK Account,111111111126,ADVERTISER,CALLOUT,REVIEWED,TRADEMARKS_IN_AD_TEXT,APPROVED_LIMITED,Ad Group,123123123,321321321,108
,1111111111,UK Account,111111111127,ADVERTISER,CALLOUT,REVIEWED,TRADEMARKS_IN_AD_TEXT,APPROVED_LIMITED,Ad Group,123123123,321321321,131
,1111111111,UK Account,111111111128,ADVERTISER,SITELINK,REVIEWED,INSUFFICIENT_ORIGINAL_CONTENT,DISAPPROVED,Ad Group,123123123,321321321,129
,1111111111,UK Account,111111111129,ADVERTISER,SITELINK,REVIEWED,INSUFFICIENT_ORIGINAL_CONTENT,DISAPPROVED,Ad Group,123123123,321321321,129
,1111111111,UK Account,111111111130,ADVERTISER,CALLOUT,REVIEWED,TRADEMARKS_IN_AD_TEXT,APPROVED_LIMITED,Ad Group,123123123,321321321,130
,1111111111,UK Account,111111111131,ADVERTISER,CALLOUT,REVIEWED,TRADEMARKS_IN_AD_TEXT,APPROVED_LIMITED,Ad Group,123123123,321321321,26
,1111111111,UK Account,111111111132,ADVERTISER,CALLOUT,REVIEWED,TRADEMARKS_IN_AD_TEXT,APPROVED_LIMITED,Ad Group,123123123,321321321,41
,1111111111,UK Account,111111111133,ADVERTISER,CALLOUT,REVIEWED,TRADEMARKS_IN_AD_TEXT,APPROVED_LIMITED,Ad Group,123123123,321321321,41
,1111111111,UK Account,111111111134,ADVERTISER,CALLOUT,REVIEWED,TRADEMARKS_IN_AD_TEXT,APPROVED_LIMITED,Ad Group,123123123,321321321,69
,1111111111,UK Account,111111111135,ADVERTISER,CALLOUT,REVIEWED,TRADEMARKS_IN_AD_TEXT,APPROVED_LIMITED,Ad Group,123123123,321321321,12
,1111111111,UK Account,111111111136,ADVERTISER,CALLOUT,REVIEWED,TRADEMARKS_IN_AD_TEXT,APPROVED_LIMITED,Ad Group,123123123,321321321,483
,1111111111,UK Account,111111111137,ADVERTISER,CALLOUT,REVIEWED,TRADEMARKS_IN_AD_TEXT,APPROVED_LIMITED,Ad Group,123123123,321321321,112
,1111111111,UK Account,111111111138,ADVERTISER,CALLOUT,REVIEWED,TRADEMARKS_IN_AD_TEXT,APPROVED_LIMITED,Ad Group,123123123,321321321,131
,1111111111,UK Account,111111111139,ADVERTISER,CALLOUT,REVIEWED,TRADEMARKS_IN_AD_TEXT,APPROVED_LIMITED,Ad Group,123123123,321321321,131
,1111111111,UK Account,111111111140,ADVERTISER,CALLOUT,REVIEWED,TRADEMARKS_IN_AD_TEXT,APPROVED_LIMITED,Ad Group,123123123,321321321,31
,1111111111,UK Account,111111111141,ADVERTISER,CALLOUT,REVIEWED,TRADEMARKS_IN_AD_TEXT,APPROVED_LIMITED,Ad Group,123123123,321321321,15
,1111111111,UK Account,111111111142,ADVERTISER,CALLOUT,REVIEWED,TRADEMARKS_IN_AD_TEXT,APPROVED_LIMITED,Ad Group,123123123,321321321,15
,1111111111,UK Account,111111111143,ADVERTISER,CALLOUT,REVIEWED,TRADEMARKS_IN_AD_TEXT,APPROVED_LIMITED,Ad Group,123123123,321321321,15
,1111111111,UK Account,111111111144,ADVERTISER,CALLOUT,REVIEWED,TRADEMARKS_IN_AD_TEXT,APPROVED_LIMITED,Ad Group,123123123,321321321,15
,1111111111,UK Account,111111111145,ADVERTISER,CALLOUT,REVIEWED,TRADEMARKS_IN_AD_TEXT,APPROVED_LIMITED,Ad Group,123123123,321321321,1
,1111111111,UK Account,111111111146,ADVERTISER,CALLOUT,REVIEWED,TRADEMARKS_IN_AD_TEXT,APPROVED_LIMITED,Ad Group,123123123,321321321,1
,1111111111,UK Account,111111111147,ADVERTISER,CALLOUT,REVIEWED,TRADEMARKS_IN_AD_TEXT,APPROVED_LIMITED,Ad Group,123123123,321321321,1
,1111111111,UK Account,111111111148,ADVERTISER,CALLOUT,REVIEWED,RECREATIONAL_DRUGS | TOBACCO,DISAPPROVED,Ad Group,123123123,321321321,3
,1111111111,UK Account,111111111149,ADVERTISER,CALLOUT,REVIEWED,TRADEMARKS_IN_AD_TEXT,APPROVED_LIMITED,Ad Group,123123123,321321321,1
,1111111111,UK Account,111111111150,ADVERTISER,CALLOUT,REVIEWED,TRADEMARKS_IN_AD_TEXT,APPROVED_LIMITED,Ad Group,123123123,321321321,1
,1111111111,UK Account,111111111151,ADVERTISER,CALLOUT,REVIEWED,TRADEMARKS_IN_AD_TEXT,APPROVED_LIMITED,Ad Group,123123123,321321321,1
,1111111111,UK Account,111111111152,ADVERTISER,CALLOUT,REVIEWED,TRADEMARKS_IN_AD_TEXT,APPROVED_LIMITED,Ad Group,123123123,321321321,27
,1111111111,UK Account,111111111153,ADVERTISER,CALLOUT,REVIEWED,TRADEMARKS_IN_AD_TEXT,APPROVED_LIMITED,Ad Group,123123123,321321321,2
,1111111111,UK Account,111111111154,ADVERTISER,CALLOUT,REVIEWED,TRADEMARKS_IN_AD_TEXT,APPROVED_LIMITED,Ad Group,123123123,321321321,21
,1111111111,UK Account,111111111155,ADVERTISER,SITELINK,REVIEWED,TRADEMARKS_IN_AD_TEXT,APPROVED_LIMITED,Ad Group,123123123,321321321,36
,1111111111,UK Account,111111111156,ADVERTISER,SITELINK,REVIEWED,TRADEMARKS_IN_AD_TEXT,APPROVED_LIMITED,Ad Group,123123123,321321321,108
,1111111111,UK Account,111111111157,ADVERTISER,SITELINK,REVIEWED,TRADEMARKS_IN_AD_TEXT,APPROVED_LIMITED,Ad Group,123123123,321321321,483
,1111111111,UK Account,111111111158,ADVERTISER,SITELINK,REVIEWED,DESTINATION_NOT_WORKING,DISAPPROVED,Ad Group,123123123,321321321,31
,1111111111,UK Account,111111111159,ADVERTISER,SITELINK,REVIEWED,TRADEMARKS_IN_AD_TEXT,APPROVED_LIMITED,Ad Group,123123123,321321321,31
,1111111111,UK Account,111111111160,ADVERTISER,SITELINK,REVIEWED,TRADEMARKS_IN_AD_TEXT,APPROVED_LIMITED,Ad Group,123123123,321321321,3
,1111111111,UK Account,111111111161,ADVERTISER,SITELINK,REVIEWED,TRADEMARKS_IN_AD_TEXT,APPROVED_LIMITED,Ad Group,123123123,321321321,4
,1111111111,UK Account,111111111162,ADVERTISER,MOBILE_APP,REVIEWED,TRADEMARKS_IN_AD_TEXT,APPROVED_LIMITED,Ad Group,123123123,321321321,470
,1111111111,UK Account,111111111163,ADVERTISER,MOBILE_APP,REVIEWED,TRADEMARKS_IN_AD_TEXT,APPROVED_LIMITED,Ad Group,123123123,321321321,478
,1111111111,UK Account,111111111164,ADVERTISER,STRUCTURED_SNIPPET,REVIEWED,TRADEMARKS_IN_AD_TEXT,APPROVED_LIMITED,Ad Group,123123123,321321321,33
,1111111111,UK Account,111111111165,ADVERTISER,STRUCTURED_SNIPPET,REVIEWED,TRADEMARKS_IN_AD_TEXT,APPROVED_LIMITED,Ad Group,123123123,321321321,99
,1111111111,UK Account,111111111166,ADVERTISER,STRUCTURED_SNIPPET,REVIEWED,TRADEMARKS_IN_AD_TEXT,APPROVED_LIMITED,Ad Group,123123123,321321321,65
,1111111111,UK Account,111111111167,ADVERTISER,STRUCTURED_SNIPPET,REVIEWED,TRADEMARKS_IN_AD_TEXT,APPROVED_LIMITED,Ad Group,123123123,321321321,13
,1111111111,UK Account,111111111168,ADVERTISER,STRUCTURED_SNIPPET,REVIEWED,TRADEMARKS_IN_AD_TEXT,APPROVED_LIMITED,Ad Group,123123123,321321321,128
,1111111111,UK Account,111111111169,ADVERTISER,STRUCTURED_SNIPPET,REVIEWED,TRADEMARKS_IN_AD_TEXT,APPROVED_LIMITED,Ad Group,123123123,321321321,27
,1111111111,UK Account,111111111170,ADVERTISER,STRUCTURED_SNIPPET,REVIEWED,TRADEMARKS | TRADEMARKS_IN_AD_TEXT,APPROVED_LIMITED,Ad Group,123123123,321321321,33
,1111111111,UK Account,111111111171,ADVERTISER,STRUCTURED_SNIPPET,REVIEWED,TRADEMARKS_IN_AD_TEXT,APPROVED_LIMITED,Ad Group,123123123,321321321,12
,1111111111,UK Account,111111111172,ADVERTISER,STRUCTURED_SNIPPET,REVIEWED,TRADEMARKS_IN_AD_TEXT,APPROVED_LIMITED,Ad Group,123123123,321321321,28
,1111111111,UK Account,111111111173,ADVERTISER,STRUCTURED_SNIPPET,REVIEWED,TRADEMARKS_IN_AD_TEXT,APPROVED_LIMITED,Ad Group,123123123,321321321,65
,1111111111,UK Account,111111111174,ADVERTISER,STRUCTURED_SNIPPET,REVIEWED,TRADEMARKS_IN_AD_TEXT,APPROVED_LIMITED,Ad Group,123123123,321321321,65
,1111111111,UK Account,111111111175,ADVERTISER,SITELINK,REVIEWED,DESTINATION_NOT_WORKING,DISAPPROVED,Ad Group,123123123,321321321,3
,1111111111,UK Account,111111111176,ADVERTISER,STRUCTURED_SNIPPET,REVIEWED,TRADEMARKS_IN_AD_TEXT,APPROVED_LIMITED,Ad Group,123123123,321321321,1
,1111111111,UK Account,111111111177,ADVERTISER,STRUCTURED_SNIPPET,REVIEWED,TRADEMARKS_IN_AD_TEXT,APPROVED_LIMITED,Ad Group,123123123,321321321,1
,1111111111,UK Account,111111111178,ADVERTISER,STRUCTURED_SNIPPET,REVIEWED,TRADEMARKS_IN_AD_TEXT,APPROVED_LIMITED,Ad Group,123123123,321321321,3
,1111111111,UK Account,111111111179,ADVERTISER,STRUCTURED_SNIPPET,REVIEWED,TRADEMARKS_IN_AD_TEXT,APPROVED_LIMITED,Ad Group,123123123,321321321,19
,1111111111,UK Account,111111111180,ADVERTISER,CALLOUT,REVIEWED,TRADEMARKS_IN_AD_TEXT,APPROVED_LIMITED,Campaign,123123123,0,1
,1111111111,UK Account,111111111181,ADVERTISER,CALLOUT,REVIEWED,TRADEMARKS_IN_AD_TEXT,APPROVED_LIMITED,Campaign,123123123,0,1
,1111111111,UK Account,111111111182,ADVERTISER,CALLOUT,REVIEWED,TRADEMARKS_IN_AD_TEXT,APPROVED_LIMITED,Campaign,123123123,0,1
,1111111111,UK Account,111111111183,ADVERTISER,SITELINK,REVIEWED,DESTINATION_NOT_WORKING,DISAPPROVED,Campaign,123123123,0,1
,1111111111,UK Account,111111111184,ADVERTISER,CALLOUT,REVIEWED,TRADEMARKS_IN_AD_TEXT,APPROVED_LIMITED,Campaign,123123123,0,1
,1111111111,UK Account,111111111185,ADVERTISER,CALLOUT,REVIEWED,TRADEMARKS_IN_AD_TEXT,APPROVED_LIMITED,Campaign,123123123,0,1
,1111111111,UK Account,111111111186,ADVERTISER,CALLOUT,REVIEWED,TRADEMARKS_IN_AD_TEXT,APPROVED_LIMITED,Campaign,123123123,0,1
,1111111111,UK Account,111111111187,ADVERTISER,CALLOUT,REVIEWED,TRADEMARKS_IN_AD_TEXT,APPROVED_LIMITED,Campaign,123123123,0,1
,1111111111,UK Account,111111111188,ADVERTISER,STRUCTURED_SNIPPET,REVIEWED,TRADEMARKS_IN_AD_TEXT,APPROVED_LIMITED,Campaign,123123123,0,1
,1111111111,UK Account,111111111189,ADVERTISER,SITELINK,REVIEWED,INSUFFICIENT_ORIGINAL_CONTENT,DISAPPROVED,Campaign,123123123,321321321,5
,1111111111,UK Account,111111111190,ADVERTISER,CALLOUT,REVIEWED,TRADEMARKS_IN_AD_TEXT,APPROVED_LIMITED,Ad Group,123123123,321321321,12
,1111111111,UK Account,111111111191,ADVERTISER,CALLOUT,REVIEWED,TRADEMARKS_IN_AD_TEXT,APPROVED_LIMITED,Ad Group,123123123,321321321,12
,1111111111,UK Account,111111111192,ADVERTISER,CALLOUT,REVIEWED,TRADEMARKS_IN_AD_TEXT,APPROVED_LIMITED,Ad Group,123123123,321321321,37
,1111111111,UK Account,111111111193,ADVERTISER,CALLOUT,REVIEWED,TRADEMARKS_IN_AD_TEXT,APPROVED_LIMITED,Ad Group,123123123,321321321,37
,1111111111,UK Account,111111111194,ADVERTISER,CALLOUT,REVIEWED,TRADEMARKS_IN_AD_TEXT,APPROVED_LIMITED,Ad Group,123123123,321321321,108
,1111111111,UK Account,111111111195,ADVERTISER,CALLOUT,REVIEWED,TRADEMARKS_IN_AD_TEXT,APPROVED_LIMITED,Ad Group,123123123,321321321,131
,1111111111,UK Account,111111111196,ADVERTISER,CALLOUT,REVIEWED,TRADEMARKS_IN_AD_TEXT,APPROVED_LIMITED,Ad Group,123123123,321321321,129
,1111111111,UK Account,111111111197,ADVERTISER,CALLOUT,REVIEWED,TRADEMARKS_IN_AD_TEXT,APPROVED_LIMITED,Ad Group,123123123,321321321,129
,1111111111,UK Account,111111111198,ADVERTISER,CALLOUT,REVIEWED,TRADEMARKS_IN_AD_TEXT,APPROVED_LIMITED,Ad Group,123123123,321321321,130
,1111111111,UK Account,111111111199,ADVERTISER,CALLOUT,REVIEWED,TRADEMARKS_IN_AD_TEXT,APPROVED_LIMITED,Ad Group,123123123,321321321,26
,1111111111,UK Account,111111111200,ADVERTISER,CALLOUT,REVIEWED,TRADEMARKS_IN_AD_TEXT,APPROVED_LIMITED,Ad Group,123123123,321321321,41
,1111111111,UK Account,111111111201,ADVERTISER,CALLOUT,REVIEWED,TRADEMARKS_IN_AD_TEXT,APPROVED_LIMITED,Ad Group,123123123,321321321,41
,1111111111,UK Account,111111111202,ADVERTISER,CALLOUT,REVIEWED,TRADEMARKS_IN_AD_TEXT,APPROVED_LIMITED,Ad Group,123123123,321321321,69
,1111111111,UK Account,111111111203,ADVERTISER,CALLOUT,REVIEWED,TRADEMARKS_IN_AD_TEXT,APPROVED_LIMITED,Ad Group,123123123,321321321,12
,1111111111,UK Account,111111111204,ADVERTISER,CALLOUT,REVIEWED,TRADEMARKS_IN_AD_TEXT,APPROVED_LIMITED,Ad Group,123123123,321321321,483
,1111111111,UK Account,111111111205,ADVERTISER,CALLOUT,REVIEWED,TRADEMARKS_IN_AD_TEXT,APPROVED_LIMITED,Ad Group,123123123,321321321,112
,1111111111,UK Account,111111111206,ADVERTISER,SITELINK,REVIEWED,DESTINATION_NOT_WORKING,DISAPPROVED,Ad Group,123123123,321321321,131
,1111111111,UK Account,111111111207,ADVERTISER,SITELINK,REVIEWED,DESTINATION_NOT_WORKING,DISAPPROVED,Ad Group,123123123,321321321,131
,1111111111,UK Account,111111111208,ADVERTISER,SITELINK,REVIEWED,DESTINATION_NOT_WORKING,DISAPPROVED,Ad Group,123123123,321321321,31
,1111111111,UK Account,111111111209,ADVERTISER,CALLOUT,REVIEWED,TRADEMARKS_IN_AD_TEXT,APPROVED_LIMITED,Ad Group,123123123,321321321,15
,1111111111,UK Account,111111111210,ADVERTISER,CALLOUT,REVIEWED,TRADEMARKS_IN_AD_TEXT,APPROVED_LIMITED,Ad Group,123123123,321321321,15
,1111111111,UK Account,111111111211,ADVERTISER,CALLOUT,REVIEWED,TRADEMARKS_IN_AD_TEXT,APPROVED_LIMITED,Ad Group,123123123,321321321,15
,1111111111,UK Account,111111111212,ADVERTISER,CALLOUT,REVIEWED,TRADEMARKS_IN_AD_TEXT,APPROVED_LIMITED,Ad Group,123123123,321321321,15
,1111111111,UK Account,111111111213,ADVERTISER,CALLOUT,REVIEWED,TRADEMARKS_IN_AD_TEXT,APPROVED_LIMITED,Ad Group,123123123,321321321,1
,1111111111,UK Account,111111111214,ADVERTISER,CALLOUT,REVIEWED,TRADEMARKS_IN_AD_TEXT,APPROVED_LIMITED,Ad Group,123123123,321321321,1
,1111111111,UK Account,111111111215,ADVERTISER,CALLOUT,REVIEWED,TRADEMARKS_IN_AD_TEXT,APPROVED_LIMITED,Ad Group,123123123,321321321,1
,1111111111,UK Account,111111111216,ADVERTISER,CALLOUT,REVIEWED,TOBACCO | RECREATIONAL_DRUGS,DISAPPROVED,Ad Group,123123123,321321321,3
,1111111111,UK Account,111111111217,ADVERTISER,CALLOUT,REVIEWED,TRADEMARKS_IN_AD_TEXT,APPROVED_LIMITED,Ad Group,123123123,321321321,1
,1111111111,UK Account,111111111218,ADVERTISER,CALLOUT,REVIEWED,TRADEMARKS_IN_AD_TEXT,APPROVED_LIMITED,Ad Group,123123123,321321321,1
,1111111111,UK Account,111111111219,ADVERTISER,CALLOUT,REVIEWED,TRADEMARKS_IN_AD_TEXT,APPROVED_LIMITED,Ad Group,123123123,321321321,1
,1111111111,UK Account,111111111220,ADVERTISER,CALLOUT,REVIEWED,TRADEMARKS_IN_AD_TEXT,APPROVED_LIMITED,Ad Group,123123123,321321321,27
,1111111111,UK Account,111111111221,ADVERTISER,CALLOUT,REVIEWED,TRADEMARKS_IN_AD_TEXT,APPROVED_LIMITED,Ad Group,123123123,321321321,2
,1111111111,UK Account,111111111222,ADVERTISER,CALLOUT,REVIEWED,TRADEMARKS_IN_AD_TEXT,APPROVED_LIMITED,Ad Group,123123123,321321321,21
,1111111111,UK Account,111111111223,ADVERTISER,SITELINK,REVIEWED,TRADEMARKS_IN_AD_TEXT,APPROVED_LIMITED,Ad Group,123123123,321321321,36
,1111111111,UK Account,111111111224,ADVERTISER,SITELINK,REVIEWED,TRADEMARKS_IN_AD_TEXT,APPROVED_LIMITED,Ad Group,123123123,321321321,108
,1111111111,UK Account,111111111225,ADVERTISER,SITELINK,REVIEWED,TRADEMARKS_IN_AD_TEXT,APPROVED_LIMITED,Ad Group,123123123,321321321,483
,1111111111,UK Account,111111111226,ADVERTISER,SITELINK,REVIEWED,DESTINATION_NOT_WORKING,DISAPPROVED,Ad Group,123123123,321321321,31
,1111111111,UK Account,111111111227,ADVERTISER,SITELINK,REVIEWED,TRADEMARKS_IN_AD_TEXT,APPROVED_LIMITED,Ad Group,123123123,321321321,31
,1111111111,UK Account,111111111228,ADVERTISER,SITELINK,REVIEWED,TRADEMARKS_IN_AD_TEXT,APPROVED_LIMITED,Ad Group,123123123,321321321,3
,1111111111,UK Account,111111111229,ADVERTISER,SITELINK,REVIEWED,TRADEMARKS_IN_AD_TEXT,APPROVED_LIMITED,Ad Group,123123123,321321321,4
,1111111111,UK Account,111111111230,ADVERTISER,MOBILE_APP,REVIEWED,TRADEMARKS_IN_AD_TEXT,APPROVED_LIMITED,Ad Group,123123123,321321321,470
,1111111111,UK Account,111111111231,ADVERTISER,MOBILE_APP,REVIEWED,TRADEMARKS_IN_AD_TEXT,APPROVED_LIMITED,Ad Group,123123123,321321321,478
,1111111111,UK Account,111111111232,ADVERTISER,STRUCTURED_SNIPPET,REVIEWED,TRADEMARKS_IN_AD_TEXT,APPROVED_LIMITED,Ad Group,123123123,321321321,33
,1111111111,UK Account,111111111233,ADVERTISER,STRUCTURED_SNIPPET,REVIEWED,TRADEMARKS_IN_AD_TEXT,APPROVED_LIMITED,Ad Group,123123123,321321321,99
,1111111111,UK Account,111111111234,ADVERTISER,STRUCTURED_SNIPPET,REVIEWED,TRADEMARKS_IN_AD_TEXT,APPROVED_LIMITED,Ad Group,123123123,321321321,65
,1111111111,UK Account,111111111235,ADVERTISER,STRUCTURED_SNIPPET,REVIEWED,TRADEMARKS_IN_AD_TEXT,APPROVED_LIMITED,Ad Group,123123123,321321321,13
,1111111111,UK Account,111111111236,ADVERTISER,STRUCTURED_SNIPPET,REVIEWED,TRADEMARKS_IN_AD_TEXT,APPROVED_LIMITED,Ad Group,123123123,321321321,128
,1111111111,UK Account,111111111237,ADVERTISER,SITELINK,REVIEWED,DESTINATION_NOT_WORKING,DISAPPROVED,Ad Group,123123123,321321321,27
,1111111111,UK Account,111111111238,ADVERTISER,STRUCTURED_SNIPPET,REVIEWED,TRADEMARKS | TRADEMARKS_IN_AD_TEXT,APPROVED_LIMITED,Ad Group,123123123,321321321,33
,1111111111,UK Account,111111111239,ADVERTISER,STRUCTURED_SNIPPET,REVIEWED,TRADEMARKS_IN_AD_TEXT,APPROVED_LIMITED,Ad Group,123123123,321321321,12
,1111111111,UK Account,111111111240,ADVERTISER,STRUCTURED_SNIPPET,REVIEWED,TRADEMARKS_IN_AD_TEXT,APPROVED_LIMITED,Ad Group,123123123,321321321,28
,1111111111,UK Account,111111111241,ADVERTISER,STRUCTURED_SNIPPET,REVIEWED,TRADEMARKS_IN_AD_TEXT,APPROVED_LIMITED,Ad Group,123123123,321321321,65
,1111111111,UK Account,111111111242,ADVERTISER,STRUCTURED_SNIPPET,REVIEWED,TRADEMARKS_IN_AD_TEXT,APPROVED_LIMITED,Ad Group,123123123,321321321,65
,1111111111,UK Account,111111111243,ADVERTISER,SITELINK,REVIEWED,DESTINATION_NOT_WORKING,DISAPPROVED,Ad Group,123123123,321321321,3
,1111111111,UK Account,111111111244,ADVERTISER,STRUCTURED_SNIPPET,REVIEWED,TRADEMARKS_IN_AD_TEXT,APPROVED_LIMITED,Ad Group,123123123,321321321,1
,1111111111,UK Account,111111111245,ADVERTISER,SITELINK,REVIEWED,DESTINATION_NOT_WORKING,DISAPPROVED,Ad Group,123123123,321321321,1
,1111111111,UK Account,111111111246,ADVERTISER,STRUCTURED_SNIPPET,REVIEWED,TRADEMARKS_IN_AD_TEXT,APPROVED_LIMITED,Ad Group,123123123,321321321,3
,1111111111,UK Account,111111111247,ADVERTISER,STRUCTURED_SNIPPET,REVIEWED,TRADEMARKS_IN_AD_TEXT,APPROVED_LIMITED,Ad Group,123123123,321321321,19
,1111111111,UK Account,111111111248,ADVERTISER,CALLOUT,REVIEWED,TRADEMARKS_IN_AD_TEXT,APPROVED_LIMITED,Campaign,123123123,0,1
,1111111111,UK Account,111111111249,ADVERTISER,CALLOUT,REVIEWED,TRADEMARKS_IN_AD_TEXT,APPROVED_LIMITED,Account,0,0,1
,1111111111,UK Account,111111111250,ADVERTISER,SITELINK,REVIEWED,DESTINATION_NOT_WORKING,DISAPPROVED,Campaign,123123123,0,1
,1111111111,UK Account,111111111251,ADVERTISER,CALLOUT,REVIEWED,TRADEMARKS_IN_AD_TEXT,APPROVED_LIMITED,Campaign,123123123,0,1
,1111111111,UK Account,111111111252,ADVERTISER,CALLOUT,REVIEWED,TRADEMARKS_IN_AD_TEXT,APPROVED_LIMITED,Account,0,0,1
,1111111111,UK Account,111111111253,ADVERTISER,SITELINK,REVIEWED,DESTINATION_NOT_WORKING,DISAPPROVED,Campaign,123123123,0,1
,1111111111,UK Account,111111111254,ADVERTISER,CALLOUT,REVIEWED,TRADEMARKS_IN_AD_TEXT,APPROVED_LIMITED,Campaign,123123123,0,1
,1111111111,UK Account,111111111255,ADVERTISER,CALLOUT,REVIEWED,TRADEMARKS_IN_AD_TEXT,APPROVED_LIMITED,Account,0,0,1
,1111111111,UK Account,111111111256,ADVERTISER,STRUCTURED_SNIPPET,REVIEWED,TRADEMARKS_IN_AD_TEXT,APPROVED_LIMITED,Campaign,123123123,0,1
,1111111111,UK Account,111111111257,ADVERTISER,SITELINK,REVIEWED,INSUFFICIENT_ORIGINAL_CONTENT,DISAPPROVED,Campaign,123123123,0,5
,1111111111,UK Account,111111111258,ADVERTISER,CALLOUT,REVIEWED,TRADEMARKS_IN_AD_TEXT,APPROVED_LIMITED,Ad Group,123123123,321321321,12
,1111111111,UK Account,111111111259,ADVERTISER,CALLOUT,REVIEWED,TRADEMARKS_IN_AD_TEXT,APPROVED_LIMITED,Ad Group,123123123,321321321,12
,1111111111,UK Account,111111111260,ADVERTISER,CALLOUT,REVIEWED,TRADEMARKS_IN_AD_TEXT,APPROVED_LIMITED,Ad Group,123123123,321321321,37
,1111111111,UK Account,111111111261,ADVERTISER,SITELINK,REVIEWED,DESTINATION_NOT_WORKING,DISAPPROVED,Ad Group,123123123,321321321,37
,1111111111,UK Account,111111111262,ADVERTISER,CALLOUT,REVIEWED,TRADEMARKS_IN_AD_TEXT,APPROVED_LIMITED,Ad Group,123123123,321321321,108
,1111111111,UK Account,111111111263,ADVERTISER,CALLOUT,REVIEWED,TRADEMARKS_IN_AD_TEXT,APPROVED_LIMITED,Ad Group,123123123,321321321,131
,1111111111,UK Account,111111111264,ADVERTISER,SITELINK,REVIEWED,DESTINATION_NOT_WORKING,DISAPPROVED,Ad Group,123123123,321321321,129
,1111111111,UK Account,111111111265,ADVERTISER,CALLOUT,REVIEWED,TRADEMARKS_IN_AD_TEXT,APPROVED_LIMITED,Ad Group,123123123,321321321,129
,1111111111,UK Account,111111111266,ADVERTISER,CALLOUT,REVIEWED,TRADEMARKS_IN_AD_TEXT,APPROVED_LIMITED,Ad Group,123123123,321321321,130
,1111111111,UK Account,111111111267,ADVERTISER,CALLOUT,REVIEWED,TRADEMARKS_IN_AD_TEXT,APPROVED_LIMITED,Ad Group,123123123,321321321,26
,1111111111,UK Account,111111111268,ADVERTISER,SITELINK,REVIEWED,DESTINATION_NOT_WORKING,DISAPPROVED,Ad Group,123123123,321321321,41
,1111111111,UK Account,111111111269,ADVERTISER,CALLOUT,REVIEWED,TRADEMARKS_IN_AD_TEXT,APPROVED_LIMITED,Ad Group,123123123,321321321,41
,1111111111,UK Account,111111111270,ADVERTISER,CALLOUT,REVIEWED,TRADEMARKS_IN_AD_TEXT,APPROVED_LIMITED,Ad Group,123123123,321321321,69
,1111111111,UK Account,111111111271,ADVERTISER,SITELINK,REVIEWED,DESTINATION_NOT_WORKING,DISAPPROVED,Ad Group,123123123,321321321,12
,1111111111,UK Account,111111111272,ADVERTISER,CALLOUT,REVIEWED,TRADEMARKS_IN_AD_TEXT,APPROVED_LIMITED,Ad Group,123123123,321321321,483
,1111111111,UK Account,111111111273,ADVERTISER,SITELINK,REVIEWED,DESTINATION_NOT_WORKING,DISAPPROVED,Ad Group,123123123,321321321,112
,1111111111,UK Account,111111111274,ADVERTISER,CALLOUT,REVIEWED,TRADEMARKS_IN_AD_TEXT,APPROVED_LIMITED,Ad Group,123123123,321321321,131
,1111111111,UK Account,111111111275,ADVERTISER,CALLOUT,REVIEWED,TRADEMARKS_IN_AD_TEXT,APPROVED_LIMITED,Ad Group,123123123,321321321,131
,1111111111,UK Account,111111111276,ADVERTISER,SITELINK,REVIEWED,DESTINATION_NOT_WORKING,DISAPPROVED,Ad Group,123123123,321321321,31
,1111111111,UK Account,111111111277,ADVERTISER,CALLOUT,REVIEWED,TRADEMARKS_IN_AD_TEXT,APPROVED_LIMITED,Ad Group,123123123,321321321,15
,1111111111,UK Account,111111111278,ADVERTISER,CALLOUT,REVIEWED,TRADEMARKS_IN_AD_TEXT,APPROVED_LIMITED,Ad Group,123123123,321321321,15
,1111111111,UK Account,111111111279,ADVERTISER,CALLOUT,REVIEWED,TRADEMARKS_IN_AD_TEXT,APPROVED_LIMITED,Ad Group,123123123,321321321,15
,1111111111,UK Account,111111111280,ADVERTISER,SITELINK,REVIEWED,DESTINATION_NOT_WORKING,DISAPPROVED,Ad Group,123123123,321321321,15
,1111111111,UK Account,111111111281,ADVERTISER,CALLOUT,REVIEWED,TRADEMARKS_IN_AD_TEXT,APPROVED_LIMITED,Ad Group,123123123,321321321,1
,1111111111,UK Account,111111111282,ADVERTISER,CALLOUT,REVIEWED,TRADEMARKS_IN_AD_TEXT,APPROVED_LIMITED,Account,0,0,1
,1111111111,UK Account,111111111283,ADVERTISER,CALLOUT,REVIEWED,TRADEMARKS_IN_AD_TEXT,APPROVED_LIMITED,Ad Group,123123123,321321321,1
,1111111111,UK Account,111111111284,ADVERTISER,CALLOUT,REVIEWED,RECREATIONAL_DRUGS | TOBACCO,DISAPPROVED,Ad Group,123123123,321321321,3
,1111111111,UK Account,111111111285,ADVERTISER,CALLOUT,REVIEWED,TRADEMARKS_IN_AD_TEXT,APPROVED_LIMITED,Ad Group,123123123,321321321,1
,1111111111,UK Account,111111111286,ADVERTISER,CALLOUT,REVIEWED,TRADEMARKS_IN_AD_TEXT,APPROVED_LIMITED,Ad Group,123123123,321321321,1
,1111111111,UK Account,111111111287,ADVERTISER,CALLOUT,REVIEWED,TRADEMARKS_IN_AD_TEXT,APPROVED_LIMITED,Ad Group,123123123,321321321,1
,1111111111,UK Account,111111111288,ADVERTISER,CALLOUT,REVIEWED,TRADEMARKS_IN_AD_TEXT,APPROVED_LIMITED,Ad Group,123123123,321321321,27
,1111111111,UK Account,111111111289,ADVERTISER,CALLOUT,REVIEWED,TRADEMARKS_IN_AD_TEXT,APPROVED_LIMITED,Ad Group,123123123,222113213,2
,1111111111,UK Account,111111111290,ADVERTISER,CALLOUT,REVIEWED,TRADEMARKS_IN_AD_TEXT,APPROVED_LIMITED,Ad Group,123123123,222113213,21
,1111111111,UK Account,111111111291,ADVERTISER,SITELINK,REVIEWED,TRADEMARKS_IN_AD_TEXT,APPROVED_LIMITED,Ad Group,123123123,222113213,36
,1111111111,UK Account,111111111292,ADVERTISER,SITELINK,REVIEWED,TRADEMARKS_IN_AD_TEXT,APPROVED_LIMITED,Ad Group,123123123,222113213,108
,1111111111,UK Account,111111111293,ADVERTISER,SITELINK,REVIEWED,TRADEMARKS_IN_AD_TEXT,APPROVED_LIMITED,Ad Group,123123123,222113213,483
,1111111111,UK Account,111111111294,ADVERTISER,SITELINK,REVIEWED,DESTINATION_NOT_WORKING,DISAPPROVED,Ad Group,123123123,222113213,31
,1111111111,UK Account,111111111295,ADVERTISER,SITELINK,REVIEWED,TRADEMARKS_IN_AD_TEXT,APPROVED_LIMITED,Ad Group,123123123,222113213,31
,1111111111,UK Account,111111111296,ADVERTISER,SITELINK,REVIEWED,TRADEMARKS_IN_AD_TEXT,APPROVED_LIMITED,Ad Group,123123123,222113213,3
,1111111111,UK Account,111111111297,ADVERTISER,SITELINK,REVIEWED,TRADEMARKS_IN_AD_TEXT,APPROVED_LIMITED,Ad Group,123123123,222113213,4
,1111111111,UK Account,111111111298,ADVERTISER,SITELINK,REVIEWED,DESTINATION_NOT_WORKING,DISAPPROVED,Ad Group,123123123,222113213,470
,1111111111,UK Account,111111111299,ADVERTISER,MOBILE_APP,REVIEWED,TRADEMARKS_IN_AD_TEXT,APPROVED_LIMITED,Ad Group,123123123,222113213,478
,1111111111,UK Account,111111111300,ADVERTISER,STRUCTURED_SNIPPET,REVIEWED,TRADEMARKS_IN_AD_TEXT,APPROVED_LIMITED,Ad Group,123123123,222113213,33
,1111111111,UK Account,111111111301,ADVERTISER,STRUCTURED_SNIPPET,REVIEWED,TRADEMARKS_IN_AD_TEXT,APPROVED_LIMITED,Ad Group,123123123,222113213,99
,1111111111,UK Account,111111111302,ADVERTISER,STRUCTURED_SNIPPET,REVIEWED,TRADEMARKS_IN_AD_TEXT,APPROVED_LIMITED,Ad Group,123123123,222113213,65
,1111111111,UK Account,111111111303,ADVERTISER,STRUCTURED_SNIPPET,REVIEWED,TRADEMARKS_IN_AD_TEXT,APPROVED_LIMITED,Ad Group,123123123,222113213,13
,1111111111,UK Account,111111111304,ADVERTISER,SITELINK,REVIEWED,DESTINATION_NOT_WORKING,DISAPPROVED,Ad Group,123123123,222113213,128
,1111111111,UK Account,111111111305,ADVERTISER,STRUCTURED_SNIPPET,REVIEWED,TRADEMARKS_IN_AD_TEXT,APPROVED_LIMITED,Ad Group,123123123,222113213,27
,1111111111,UK Account,111111111306,ADVERTISER,STRUCTURED_SNIPPET,REVIEWED,TRADEMARKS_IN_AD_TEXT | TRADEMARKS,APPROVED_LIMITED,Ad Group,123123123,222113213,33
,1111111111,UK Account,111111111307,ADVERTISER,STRUCTURED_SNIPPET,REVIEWED,TRADEMARKS_IN_AD_TEXT,APPROVED_LIMITED,Ad Group,123123123,222113213,12
,1111111111,UK Account,111111111308,ADVERTISER,STRUCTURED_SNIPPET,REVIEWED,TRADEMARKS_IN_AD_TEXT,APPROVED_LIMITED,Ad Group,123123123,222113213,28
,1111111111,UK Account,111111111309,ADVERTISER,STRUCTURED_SNIPPET,REVIEWED,TRADEMARKS_IN_AD_TEXT,APPROVED_LIMITED,Ad Group,123123123,222113213,65
,1111111111,UK Account,111111111310,ADVERTISER,SITELINK,REVIEWED,DESTINATION_NOT_WORKING,DISAPPROVED,Ad Group,123123123,222113213,65
,1111111111,UK Account,111111111311,ADVERTISER,STRUCTURED_SNIPPET,REVIEWED,TRADEMARKS_IN_AD_TEXT,APPROVED_LIMITED,Ad Group,123123123,222113213,3
,1111111111,UK Account,111111111312,ADVERTISER,STRUCTURED_SNIPPET,REVIEWED,TRADEMARKS_IN_AD_TEXT,APPROVED_LIMITED,Ad Group,123123123,222113213,1
,1111111111,UK Account,111111111313,ADVERTISER,STRUCTURED_SNIPPET,REVIEWED,TRADEMARKS_IN_AD_TEXT,APPROVED_LIMITED,Ad Group,123123123,222113213,1
,1111111111,UK Account,111111111314,ADVERTISER,STRUCTURED_SNIPPET,REVIEWED,TRADEMARKS_IN_AD_TEXT,APPROVED_LIMITED,Ad Group,123123123,222113213,3
,1111111111,UK Account,111111111315,ADVERTISER,STRUCTURED_SNIPPET,REVIEWED,TRADEMARKS_IN_AD_TEXT,APPROVED_LIMITED,Ad Group,123123123,222113213,19
,1111111111,UK Account,111111111316,ADVERTISER,CALLOUT,REVIEWED,TRADEMARKS_IN_AD_TEXT,APPROVED_LIMITED,Campaign,123123123,222113213,1
,1111111111,UK Account,111111111317,ADVERTISER,CALLOUT,REVIEWED,TRADEMARKS_IN_AD_TEXT,APPROVED_LIMITED,Campaign,123123123,222113213,1
,1111111111,UK Account,111111111318,ADVERTISER,SITELINK,REVIEWED,DESTINATION_NOT_WORKING,DISAPPROVED,Campaign,123123123,222113213,1
,1111111111,UK Account,111111111319,ADVERTISER,CALLOUT,REVIEWED,TRADEMARKS_IN_AD_TEXT,APPROVED_LIMITED,Campaign,123123123,222113213,1
,1111111111,UK Account,111111111320,ADVERTISER,CALLOUT,REVIEWED,TRADEMARKS_IN_AD_TEXT,APPROVED_LIMITED,Campaign,123123123,222113213,1
,1111111111,UK Account,111111111321,ADVERTISER,CALLOUT,REVIEWED,TRADEMARKS_IN_AD_TEXT,APPROVED_LIMITED,Campaign,123123123,222113213,1
,1111111111,UK Account,111111111322,ADVERTISER,CALLOUT,REVIEWED,TRADEMARKS_IN_AD_TEXT,APPROVED_LIMITED,Campaign,123123123,222113213,1
,1111111111,UK Account,111111111323,ADVERTISER,CALLOUT,REVIEWED,TRADEMARKS_IN_AD_TEXT,APPROVED_LIMITED,Account,0,0,1
,1111111111,UK Account,111111111324,ADVERTISER,STRUCTURED_SNIPPET,REVIEWED,TRADEMARKS_IN_AD_TEXT,APPROVED_LIMITED,Campaign,123123123,0,1
,1111111111,UK Account,111111111325,ADVERTISER,SITELINK,REVIEWED,INSUFFICIENT_ORIGINAL_CONTENT,DISAPPROVED,Campaign,123123123,0,5
,1111111111,UK Account,111111111326,ADVERTISER,CALLOUT,REVIEWED,TRADEMARKS_IN_AD_TEXT,APPROVED_LIMITED,Ad Group,123123123,1235563425,12
,1111111111,UK Account,111111111327,ADVERTISER,CALLOUT,REVIEWED,TRADEMARKS_IN_AD_TEXT,APPROVED_LIMITED,Ad Group,123123123,1235563425,12
,1111111111,UK Account,111111111328,ADVERTISER,SITELINK,REVIEWED,DESTINATION_NOT_WORKING,DISAPPROVED,Ad Group,123123123,1235563425,37
,1111111111,UK Account,111111111329,ADVERTISER,CALLOUT,REVIEWED,TRADEMARKS_IN_AD_TEXT,APPROVED_LIMITED,Ad Group,123123123,1235563425,37
,1111111111,UK Account,111111111330,ADVERTISER,SITELINK,REVIEWED,DESTINATION_NOT_WORKING,DISAPPROVED,Ad Group,123123123,1235563425,108
,1111111111,UK Account,111111111331,ADVERTISER,CALLOUT,REVIEWED,TRADEMARKS_IN_AD_TEXT,APPROVED_LIMITED,Ad Group,123123123,1235563425,131
,1111111111,UK Account,111111111332,ADVERTISER,CALLOUT,REVIEWED,TRADEMARKS_IN_AD_TEXT,APPROVED_LIMITED,Ad Group,123123123,1235563425,129
,1111111111,UK Account,111111111333,ADVERTISER,CALLOUT,REVIEWED,TRADEMARKS_IN_AD_TEXT,APPROVED_LIMITED,Ad Group,123123123,1235563425,129
,1111111111,UK Account,111111111334,ADVERTISER,CALLOUT,REVIEWED,TRADEMARKS_IN_AD_TEXT,APPROVED_LIMITED,Ad Group,123123123,1235563425,130
,1111111111,UK Account,111111111335,ADVERTISER,CALLOUT,REVIEWED,TRADEMARKS_IN_AD_TEXT,APPROVED_LIMITED,Ad Group,123123123,1235563425,26
,1111111111,UK Account,111111111336,ADVERTISER,CALLOUT,REVIEWED,TRADEMARKS_IN_AD_TEXT,APPROVED_LIMITED,Ad Group,123123123,1235563425,41
,1111111111,UK Account,111111111337,ADVERTISER,CALLOUT,REVIEWED,TRADEMARKS_IN_AD_TEXT,APPROVED_LIMITED,Ad Group,123123123,1235563425,41
,1111111111,UK Account,111111111338,ADVERTISER,CALLOUT,REVIEWED,TRADEMARKS_IN_AD_TEXT,APPROVED_LIMITED,Ad Group,123123123,1235563425,69
,1111111111,UK Account,111111111339,ADVERTISER,CALLOUT,REVIEWED,TRADEMARKS_IN_AD_TEXT,APPROVED_LIMITED,Ad Group,123123123,1235563425,12
,1111111111,UK Account,111111111340,ADVERTISER,SITELINK,REVIEWED,DESTINATION_NOT_WORKING,DISAPPROVED,Ad Group,123123123,1235563425,483
,1111111111,UK Account,111111111341,ADVERTISER,SITELINK,REVIEWED,DESTINATION_NOT_WORKING,DISAPPROVED,Ad Group,123123123,1235563425,112
,1111111111,UK Account,111111111342,ADVERTISER,SITELINK,REVIEWED,DESTINATION_NOT_WORKING,DISAPPROVED,Ad Group,123123123,1235563425,131
,1111111111,UK Account,111111111343,ADVERTISER,SITELINK,REVIEWED,DESTINATION_NOT_WORKING,DISAPPROVED,Ad Group,123123123,1235563425,131
,1111111111,UK Account,111111111344,ADVERTISER,SITELINK,REVIEWED,DESTINATION_NOT_WORKING,DISAPPROVED,Ad Group,123123123,1235563425,31
,1111111111,UK Account,111111111345,ADVERTISER,CALLOUT,REVIEWED,TRADEMARKS_IN_AD_TEXT,APPROVED_LIMITED,Ad Group,123123123,1235563425,15
,1111111111,UK Account,111111111346,ADVERTISER,CALLOUT,REVIEWED,TRADEMARKS_IN_AD_TEXT,APPROVED_LIMITED,Ad Group,123123123,1235563425,15
,1111111111,UK Account,111111111347,ADVERTISER,CALLOUT,REVIEWED,TRADEMARKS_IN_AD_TEXT,APPROVED_LIMITED,Ad Group,123123123,1235563425,15
,1111111111,UK Account,111111111348,ADVERTISER,CALLOUT,REVIEWED,TRADEMARKS_IN_AD_TEXT,APPROVED_LIMITED,Ad Group,123123123,1235563425,15
,1111111111,UK Account,111111111349,ADVERTISER,CALLOUT,REVIEWED,TRADEMARKS_IN_AD_TEXT,APPROVED_LIMITED,Ad Group,123123123,1235563425,1
,1111111111,UK Account,111111111350,ADVERTISER,CALLOUT,REVIEWED,TRADEMARKS_IN_AD_TEXT,APPROVED_LIMITED,Ad Group,123123123,1235563425,1
,1111111111,UK Account,111111111351,ADVERTISER,CALLOUT,REVIEWED,TRADEMARKS_IN_AD_TEXT,APPROVED_LIMITED,Ad Group,123123123,1235563425,1
,1111111111,UK Account,111111111352,ADVERTISER,CALLOUT,REVIEWED,TOBACCO | RECREATIONAL_DRUGS,DISAPPROVED,Ad Group,123123123,1235563425,3
,1111111111,UK Account,111111111353,ADVERTISER,CALLOUT,REVIEWED,TOBACCO | RECREATIONAL_DRUGS,DISAPPROVED,Ad Group,123123123,1235563425,1
,1111111111,UK Account,111111111354,ADVERTISER,CALLOUT,REVIEWED,TOBACCO | RECREATIONAL_DRUGS,DISAPPROVED,Ad Group,123123123,1235563425,1
,1111111111,UK Account,111111111355,ADVERTISER,CALLOUT,REVIEWED,TOBACCO | RECREATIONAL_DRUGS,DISAPPROVED,Ad Group,123123123,1235563425,1
,1111111111,UK Account,111111111356,ADVERTISER,CALLOUT,REVIEWED,TOBACCO | RECREATIONAL_DRUGS,DISAPPROVED,Ad Group,123123123,1235563425,27
,1111111111,UK Account,111111111357,ADVERTISER,CALLOUT,REVIEWED,TOBACCO | RECREATIONAL_DRUGS,DISAPPROVED,Ad Group,123123123,1235563425,2
,1111111111,UK Account,111111111358,ADVERTISER,CALLOUT,REVIEWED,TOBACCO | RECREATIONAL_DRUGS,DISAPPROVED,Ad Group,123123123,1235563425,21
,1111111111,UK Account,111111111359,ADVERTISER,SITELINK,REVIEWED,TRADEMARKS_IN_AD_TEXT,APPROVED_LIMITED,Ad Group,123123123,1235563425,36
,1111111111,UK Account,111111111360,ADVERTISER,SITELINK,REVIEWED,TRADEMARKS_IN_AD_TEXT,APPROVED_LIMITED,Ad Group,123123123,1235563425,108
,1111111111,UK Account,111111111361,ADVERTISER,SITELINK,REVIEWED,TRADEMARKS_IN_AD_TEXT,APPROVED_LIMITED,Ad Group,123123123,1235563425,483
,1111111111,UK Account,111111111362,ADVERTISER,SITELINK,REVIEWED,DESTINATION_NOT_WORKING,DISAPPROVED,Ad Group,123123123,1235563425,31
,1111111111,UK Account,111111111363,ADVERTISER,SITELINK,REVIEWED,TRADEMARKS_IN_AD_TEXT,APPROVED_LIMITED,Ad Group,123123123,1235563425,31
,1111111111,UK Account,111111111364,ADVERTISER,SITELINK,REVIEWED,TRADEMARKS_IN_AD_TEXT,APPROVED_LIMITED,Ad Group,123123123,1235563425,3
,1111111111,UK Account,111111111365,ADVERTISER,SITELINK,REVIEWED,TRADEMARKS_IN_AD_TEXT,APPROVED_LIMITED,Ad Group,123123123,1235563425,4
,1111111111,UK Account,111111111366,ADVERTISER,MOBILE_APP,REVIEWED,TRADEMARKS_IN_AD_TEXT,APPROVED_LIMITED,Ad Group,123123123,1235563425,470
,1111111111,UK Account,111111111367,ADVERTISER,MOBILE_APP,REVIEWED,TRADEMARKS_IN_AD_TEXT,APPROVED_LIMITED,Ad Group,123123123,1235563425,478
,1111111111,UK Account,111111111368,ADVERTISER,STRUCTURED_SNIPPET,REVIEWED,TRADEMARKS_IN_AD_TEXT,APPROVED_LIMITED,Ad Group,123123123,1235563425,33
,1111111111,UK Account,111111111369,ADVERTISER,STRUCTURED_SNIPPET,REVIEWED,TRADEMARKS_IN_AD_TEXT,APPROVED_LIMITED,Ad Group,123123123,1235563425,99
,1111111111,UK Account,111111111370,ADVERTISER,STRUCTURED_SNIPPET,REVIEWED,TRADEMARKS_IN_AD_TEXT,APPROVED_LIMITED,Ad Group,123123123,1235563425,65
,1111111111,UK Account,111111111371,ADVERTISER,STRUCTURED_SNIPPET,REVIEWED,TRADEMARKS_IN_AD_TEXT,APPROVED_LIMITED,Ad Group,123123123,1235563425,13
,1111111111,UK Account,111111111372,ADVERTISER,STRUCTURED_SNIPPET,REVIEWED,TRADEMARKS_IN_AD_TEXT,APPROVED_LIMITED,Ad Group,123123123,1235563425,128
,1111111111,UK Account,111111111373,ADVERTISER,STRUCTURED_SNIPPET,REVIEWED,TRADEMARKS_IN_AD_TEXT,APPROVED_LIMITED,Ad Group,123123123,1235563425,27
,1111111111,UK Account,111111111374,ADVERTISER,STRUCTURED_SNIPPET,REVIEWED,TRADEMARKS_IN_AD_TEXT | TRADEMARKS,APPROVED_LIMITED,Ad Group,123123123,1235563425,33
,1111111111,UK Account,111111111375,ADVERTISER,STRUCTURED_SNIPPET,REVIEWED,TRADEMARKS_IN_AD_TEXT,APPROVED_LIMITED,Ad Group,123123123,1235563425,12
,1111111111,UK Account,111111111376,ADVERTISER,STRUCTURED_SNIPPET,REVIEWED,TRADEMARKS_IN_AD_TEXT,APPROVED_LIMITED,Ad Group,123123123,1235563425,28
,1111111111,UK Account,111111111377,ADVERTISER,STRUCTURED_SNIPPET,REVIEWED,TRADEMARKS_IN_AD_TEXT,APPROVED_LIMITED,Ad Group,123123123,1235563425,65
,1111111111,UK Account,111111111378,ADVERTISER,STRUCTURED_SNIPPET,REVIEWED,TRADEMARKS_IN_AD_TEXT,APPROVED_LIMITED,Ad Group,123123123,1235563425,65
,1111111111,UK Account,111111111379,ADVERTISER,STRUCTURED_SNIPPET,REVIEWED,TRADEMARKS_IN_AD_TEXT,APPROVED_LIMITED,Account,0,0,1
,1111111111,UK Account,111111111380,ADVERTISER,STRUCTURED_SNIPPET,REVIEWED,TRADEMARKS_IN_AD_TEXT,APPROVED_LIMITED,Ad Group,124554323,2323232323,1
,1111111111,UK Account,111111111381,ADVERTISER,STRUCTURED_SNIPPET,REVIEWED,TRADEMARKS_IN_AD_TEXT,APPROVED_LIMITED,Ad Group,124554323,2323232323,1
,1111111111,UK Account,111111111382,ADVERTISER,STRUCTURED_SNIPPET,REVIEWED,TRADEMARKS_IN_AD_TEXT,APPROVED_LIMITED,Ad Group,124554323,2323232323,3
,1111111111,UK Account,111111111383,ADVERTISER,STRUCTURED_SNIPPET,REVIEWED,TRADEMARKS_IN_AD_TEXT,APPROVED_LIMITED,Ad Group,124554323,2323232323,19
,1111111111,UK Account,111111111384,ADVERTISER,CALLOUT,REVIEWED,TRADEMARKS_IN_AD_TEXT,APPROVED_LIMITED,Campaign,124554323,0,1
,1111111111,UK Account,111111111385,ADVERTISER,CALLOUT,REVIEWED,TRADEMARKS_IN_AD_TEXT,APPROVED_LIMITED,Campaign,124554323,0,1
,1111111111,UK Account,111111111386,ADVERTISER,CALLOUT,REVIEWED,TRADEMARKS_IN_AD_TEXT,APPROVED_LIMITED,Campaign,124554323,0,1
,1111111111,UK Account,111111111387,ADVERTISER,CALLOUT,REVIEWED,TRADEMARKS_IN_AD_TEXT,APPROVED_LIMITED,Campaign,124554323,0,1
,1111111111,UK Account,111111111388,ADVERTISER,CALLOUT,REVIEWED,TOBACCO | RECREATIONAL_DRUGS,DISAPPROVED,Campaign,124554323,0,1
,1111111111,UK Account,111111111389,ADVERTISER,CALLOUT,REVIEWED,TOBACCO | RECREATIONAL_DRUGS,DISAPPROVED,Campaign,124554323,0,1
,1111111111,UK Account,111111111390,ADVERTISER,CALLOUT,REVIEWED,TRADEMARKS_IN_AD_TEXT,APPROVED_LIMITED,Campaign,124554323,0,1
,1111111111,UK Account,111111111391,ADVERTISER,CALLOUT,REVIEWED,TRADEMARKS_IN_AD_TEXT,APPROVED_LIMITED,Campaign,124554323,0,1
,1111111111,UK Account,111111111392,ADVERTISER,STRUCTURED_SNIPPET,REVIEWED,TRADEMARKS_IN_AD_TEXT,APPROVED_LIMITED,Campaign,124554323,0,1
,1111111111,UK Account,111111111393,ADVERTISER,SITELINK,REVIEWED,INSUFFICIENT_ORIGINAL_CONTENT,DISAPPROVED,Campaign,124554323,0,5
,1111111111,UK Account,111111111394,ADVERTISER,CALLOUT,REVIEWED,TRADEMARKS_IN_AD_TEXT,APPROVED_LIMITED,Ad Group,124554323,12332132132,12
,1111111111,UK Account,111111111395,ADVERTISER,CALLOUT,REVIEWED,TRADEMARKS_IN_AD_TEXT,APPROVED_LIMITED,Ad Group,124554323,12332132132,12
,1111111111,UK Account,111111111396,ADVERTISER,CALLOUT,REVIEWED,TRADEMARKS_IN_AD_TEXT,APPROVED_LIMITED,Ad Group,124554323,12332132132,37
,1111111111,UK Account,111111111397,ADVERTISER,CALLOUT,REVIEWED,TRADEMARKS_IN_AD_TEXT,APPROVED_LIMITED,Ad Group,124554323,12332132132,37
,1111111111,UK Account,111111111398,ADVERTISER,CALLOUT,REVIEWED,TRADEMARKS_IN_AD_TEXT,APPROVED_LIMITED,Ad Group,124554323,12332132132,108
,1111111111,UK Account,111111111399,ADVERTISER,CALLOUT,REVIEWED,TRADEMARKS_IN_AD_TEXT,APPROVED_LIMITED,Ad Group,124554323,12332132132,131
,1111111111,UK Account,111111111400,ADVERTISER,CALLOUT,REVIEWED,TRADEMARKS_IN_AD_TEXT,APPROVED_LIMITED,Ad Group,124554323,12332132132,129
,1111111111,UK Account,111111111401,ADVERTISER,CALLOUT,REVIEWED,TRADEMARKS_IN_AD_TEXT,APPROVED_LIMITED,Ad Group,124554323,12332132132,129
,1111111111,UK Account,111111111402,ADVERTISER,CALLOUT,REVIEWED,TRADEMARKS_IN_AD_TEXT,APPROVED_LIMITED,Ad Group,124554323,12332132132,130
,1111111111,UK Account,111111111403,ADVERTISER,CALLOUT,REVIEWED,TRADEMARKS_IN_AD_TEXT,APPROVED_LIMITED,Ad Group,124554323,12332132132,26
,1111111111,UK Account,111111111404,ADVERTISER,CALLOUT,REVIEWED,TRADEMARKS_IN_AD_TEXT,APPROVED_LIMITED,Ad Group,124554323,12332132132,41
,1111111111,UK Account,111111111405,ADVERTISER,CALLOUT,REVIEWED,TRADEMARKS_IN_AD_TEXT,APPROVED_LIMITED,Ad Group,124554323,12332132132,41
,1111111111,UK Account,111111111406,ADVERTISER,CALLOUT,REVIEWED,TRADEMARKS_IN_AD_TEXT,APPROVED_LIMITED,Ad Group,124554323,12332132132,69
,1111111111,UK Account,111111111407,ADVERTISER,CALLOUT,REVIEWED,TRADEMARKS_IN_AD_TEXT,APPROVED_LIMITED,Ad Group,124554323,12332132132,12
,1111111111,UK Account,111111111408,ADVERTISER,CALLOUT,REVIEWED,TRADEMARKS_IN_AD_TEXT,APPROVED_LIMITED,Ad Group,124554323,12332132132,483
,1111111111,UK Account,111111111409,ADVERTISER,CALLOUT,REVIEWED,TRADEMARKS_IN_AD_TEXT,APPROVED_LIMITED,Ad Group,124554323,12332132132,112
,1111111111,UK Account,111111111410,ADVERTISER,CALLOUT,REVIEWED,TRADEMARKS_IN_AD_TEXT,APPROVED_LIMITED,Ad Group,124554323,12332132132,131
,1111111111,UK Account,111111111411,ADVERTISER,CALLOUT,REVIEWED,TRADEMARKS_IN_AD_TEXT,APPROVED_LIMITED,Ad Group,124554323,12332132132,131
,1111111111,UK Account,111111111412,ADVERTISER,CALLOUT,REVIEWED,TRADEMARKS_IN_AD_TEXT,APPROVED_LIMITED,Ad Group,124554323,12332132132,31
,1111111111,UK Account,111111111413,ADVERTISER,CALLOUT,REVIEWED,TRADEMARKS_IN_AD_TEXT,APPROVED_LIMITED,Ad Group,124554323,12332132132,15
,1111111111,UK Account,111111111414,ADVERTISER,CALLOUT,REVIEWED,TRADEMARKS_IN_AD_TEXT,APPROVED_LIMITED,Ad Group,124554323,12332132132,15
,1111111111,UK Account,111111111415,ADVERTISER,CALLOUT,REVIEWED,TRADEMARKS_IN_AD_TEXT,APPROVED_LIMITED,Ad Group,124554323,12332132132,15
,1111111111,UK Account,111111111416,ADVERTISER,CALLOUT,REVIEWED,TRADEMARKS_IN_AD_TEXT,APPROVED_LIMITED,Ad Group,124554323,12332132132,15
,1111111111,UK Account,111111111417,ADVERTISER,CALLOUT,REVIEWED,TRADEMARKS_IN_AD_TEXT,APPROVED_LIMITED,Ad Group,124554323,12332132132,1
,1111111111,UK Account,111111111418,ADVERTISER,CALLOUT,REVIEWED,TRADEMARKS_IN_AD_TEXT,APPROVED_LIMITED,Ad Group,124554323,12332132132,1
,1111111111,UK Account,111111111419,ADVERTISER,CALLOUT,REVIEWED,TRADEMARKS_IN_AD_TEXT,APPROVED_LIMITED,Account,0,0,1
,1111111111,UK Account,111111111420,ADVERTISER,CALLOUT,REVIEWED,RECREATIONAL_DRUGS | TOBACCO,DISAPPROVED,Ad Group,124554323,12332132132,3
,1111111111,UK Account,111111111421,ADVERTISER,CALLOUT,REVIEWED,TOBACCO | RECREATIONAL_DRUGS,DISAPPROVED,Ad Group,124554323,12332132132,1
,1111111111,UK Account,111111111422,ADVERTISER,CALLOUT,REVIEWED,TRADEMARKS_IN_AD_TEXT,APPROVED_LIMITED,Ad Group,124554323,12332132132,1
,1111111111,UK Account,111111111423,ADVERTISER,CALLOUT,REVIEWED,TOBACCO | RECREATIONAL_DRUGS,DISAPPROVED,Ad Group,124554323,12332132132,1
,1111111111,UK Account,111111111424,ADVERTISER,CALLOUT,REVIEWED,TRADEMARKS_IN_AD_TEXT,APPROVED_LIMITED,Ad Group,124554323,12332132132,27
,1111111111,UK Account,111111111425,ADVERTISER,CALLOUT,REVIEWED,TRADEMARKS_IN_AD_TEXT,APPROVED_LIMITED,Ad Group,124554323,12332132132,2
,1111111111,UK Account,111111111426,ADVERTISER,CALLOUT,REVIEWED,TRADEMARKS_IN_AD_TEXT,APPROVED_LIMITED,Ad Group,124554323,12332132132,21
,1111111111,UK Account,111111111427,ADVERTISER,CALLOUT,REVIEWED,TOBACCO | RECREATIONAL_DRUGS,DISAPPROVED,Ad Group,124554323,12332132132,36
,1111111111,UK Account,111111111428,ADVERTISER,CALLOUT,REVIEWED,TOBACCO | RECREATIONAL_DRUGS,DISAPPROVED,Ad Group,124554323,12332132132,108
,1111111111,UK Account,111111111429,ADVERTISER,SITELINK,REVIEWED,TRADEMARKS_IN_AD_TEXT,APPROVED_LIMITED,Ad Group,124554323,12332132132,483
,1111111111,UK Account,111111111430,ADVERTISER,SITELINK,REVIEWED,DESTINATION_NOT_WORKING,DISAPPROVED,Ad Group,124554323,12332132132,31
,1111111111,UK Account,111111111431,ADVERTISER,SITELINK,REVIEWED,TRADEMARKS_IN_AD_TEXT,APPROVED_LIMITED,Ad Group,124554323,12332132132,31
,1111111111,UK Account,111111111432,ADVERTISER,SITELINK,REVIEWED,TRADEMARKS_IN_AD_TEXT,APPROVED_LIMITED,Ad Group,124554323,12332132132,3
,1111111111,UK Account,111111111433,ADVERTISER,SITELINK,REVIEWED,TRADEMARKS_IN_AD_TEXT,APPROVED_LIMITED,Ad Group,124554323,12332132132,4
,1111111111,UK Account,111111111434,ADVERTISER,MOBILE_APP,REVIEWED,TRADEMARKS_IN_AD_TEXT,APPROVED_LIMITED,Ad Group,124554323,12332132132,470
,1111111111,UK Account,111111111435,ADVERTISER,MOBILE_APP,REVIEWED,TRADEMARKS_IN_AD_TEXT,APPROVED_LIMITED,Ad Group,124554323,12332132132,478
,1111111111,UK Account,111111111436,ADVERTISER,STRUCTURED_SNIPPET,REVIEWED,TRADEMARKS_IN_AD_TEXT,APPROVED_LIMITED,Ad Group,124554323,12332132132,33
,1111111111,UK Account,111111111437,ADVERTISER,SITELINK,REVIEWED,INSUFFICIENT_ORIGINAL_CONTENT,DISAPPROVED,Ad Group,124554323,12332132132,99
,1111111111,UK Account,111111111438,ADVERTISER,STRUCTURED_SNIPPET,REVIEWED,TRADEMARKS_IN_AD_TEXT,APPROVED_LIMITED,Ad Group,124554323,12332132132,65
,1111111111,UK Account,111111111439,ADVERTISER,STRUCTURED_SNIPPET,REVIEWED,TRADEMARKS_IN_AD_TEXT,APPROVED_LIMITED,Ad Group,124554323,12332132132,13
,1111111111,UK Account,111111111440,ADVERTISER,STRUCTURED_SNIPPET,REVIEWED,TRADEMARKS_IN_AD_TEXT,APPROVED_LIMITED,Ad Group,124554323,12332132132,128
,1111111111,UK Account,111111111441,ADVERTISER,STRUCTURED_SNIPPET,REVIEWED,TRADEMARKS_IN_AD_TEXT,APPROVED_LIMITED,Ad Group,124554323,12332132132,27
,1111111111,UK Account,111111111442,ADVERTISER,STRUCTURED_SNIPPET,REVIEWED,TRADEMARKS | TRADEMARKS_IN_AD_TEXT,APPROVED_LIMITED,Ad Group,124554323,12332132132,33
,1111111111,UK Account,111111111443,ADVERTISER,STRUCTURED_SNIPPET,REVIEWED,TRADEMARKS_IN_AD_TEXT,APPROVED_LIMITED,Ad Group,124554323,12332132132,12
,1111111111,UK Account,111111111444,ADVERTISER,STRUCTURED_SNIPPET,REVIEWED,TRADEMARKS_IN_AD_TEXT,APPROVED_LIMITED,Ad Group,124554323,12332132132,28
,1111111111,UK Account,111111111445,ADVERTISER,STRUCTURED_SNIPPET,REVIEWED,TRADEMARKS_IN_AD_TEXT,APPROVED_LIMITED,Ad Group,124554323,12332132132,65
,1111111111,UK Account,111111111446,ADVERTISER,STRUCTURED_SNIPPET,REVIEWED,TRADEMARKS_IN_AD_TEXT,APPROVED_LIMITED,Ad Group,124554323,12332132132,65
,1111111111,UK Account,111111111447,ADVERTISER,STRUCTURED_SNIPPET,REVIEWED,TRADEMARKS_IN_AD_TEXT,APPROVED_LIMITED,Ad Group,124554323,12332132132,3
,1111111111,UK Account,111111111448,ADVERTISER,STRUCTURED_SNIPPET,REVIEWED,TRADEMARKS_IN_AD_TEXT,APPROVED_LIMITED,Ad Group,124554323,12332132132,1
,1111111111,UK Account,111111111449,ADVERTISER,STRUCTURED_SNIPPET,REVIEWED,TRADEMARKS_IN_AD_TEXT,APPROVED_LIMITED,Ad Group,124554323,12332132132,1
,1111111111,UK Account,111111111450,ADVERTISER,STRUCTURED_SNIPPET,REVIEWED,TRADEMARKS_IN_AD_TEXT,APPROVED_LIMITED,Ad Group,124554323,12332132132,3
,1111111111,UK Account,111111111451,ADVERTISER,STRUCTURED_SNIPPET,REVIEWED,TRADEMARKS_IN_AD_TEXT,APPROVED_LIMITED,Ad Group,124554323,12332132132,19
,1111111111,UK Account,111111111452,ADVERTISER,CALLOUT,REVIEWED,TRADEMARKS_IN_AD_TEXT,APPROVED_LIMITED,Campaign,124554323,0,1
,1111111111,UK Account,111111111453,ADVERTISER,CALLOUT,REVIEWED,TRADEMARKS_IN_AD_TEXT,APPROVED_LIMITED,Campaign,124554323,0,1
,1111111111,UK Account,111111111454,ADVERTISER,CALLOUT,REVIEWED,TRADEMARKS_IN_AD_TEXT,APPROVED_LIMITED,Campaign,124554323,0,1
,1111111111,UK Account,111111111455,ADVERTISER,CALLOUT,REVIEWED,TRADEMARKS_IN_AD_TEXT,APPROVED_LIMITED,Campaign,124554323,0,1
,1111111111,UK Account,111111111456,ADVERTISER,CALLOUT,REVIEWED,TRADEMARKS_IN_AD_TEXT,APPROVED_LIMITED,Campaign,124554323,0,1
,1111111111,UK Account,111111111457,ADVERTISER,CALLOUT,REVIEWED,TRADEMARKS_IN_AD_TEXT,APPROVED_LIMITED,Campaign,124554323,0,1
,1111111111,UK Account,111111111458,ADVERTISER,CALLOUT,REVIEWED,TRADEMARKS_IN_AD_TEXT,APPROVED_LIMITED,Campaign,124554323,0,1
,1111111111,UK Account,111111111459,ADVERTISER,CALLOUT,REVIEWED,TRADEMARKS_IN_AD_TEXT,APPROVED_LIMITED,Campaign,124554323,0,1
,1111111111,UK Account,111111111460,ADVERTISER,STRUCTURED_SNIPPET,REVIEWED,TRADEMARKS_IN_AD_TEXT,APPROVED_LIMITED,Campaign,124554323,0,1
,1111111111,UK Account,111111111461,ADVERTISER,SITELINK,REVIEWED,INSUFFICIENT_ORIGINAL_CONTENT,DISAPPROVED,Campaign,124554323,0,5
,1111111111,UK Account,111111111462,ADVERTISER,CALLOUT,REVIEWED,TRADEMARKS_IN_AD_TEXT,APPROVED_LIMITED,Ad Group,124554323,12332132132,12
,1111111111,UK Account,111111111463,ADVERTISER,CALLOUT,REVIEWED,TRADEMARKS_IN_AD_TEXT,APPROVED_LIMITED,Ad Group,124554323,12332132132,12
,1111111111,UK Account,111111111464,ADVERTISER,CALLOUT,REVIEWED,TOBACCO | RECREATIONAL_DRUGS,DISAPPROVED,Ad Group,124554323,12332132132,37
,1111111111,UK Account,111111111465,ADVERTISER,CALLOUT,REVIEWED,TRADEMARKS_IN_AD_TEXT,APPROVED_LIMITED,Ad Group,124554323,12332132132,37
,1111111111,UK Account,111111111466,ADVERTISER,CALLOUT,REVIEWED,TOBACCO | RECREATIONAL_DRUGS,DISAPPROVED,Ad Group,124554323,12332132132,108
,1111111111,UK Account,111111111467,ADVERTISER,CALLOUT,REVIEWED,TRADEMARKS_IN_AD_TEXT,APPROVED_LIMITED,Ad Group,124554323,12332132132,131
,1111111111,UK Account,111111111468,ADVERTISER,CALLOUT,REVIEWED,TOBACCO | RECREATIONAL_DRUGS,DISAPPROVED,Ad Group,124554323,12332132132,129
,1111111111,UK Account,111111111469,ADVERTISER,CALLOUT,REVIEWED,TRADEMARKS_IN_AD_TEXT,APPROVED_LIMITED,Ad Group,124554323,12332132132,129
,1111111111,UK Account,111111111470,ADVERTISER,CALLOUT,REVIEWED,TRADEMARKS_IN_AD_TEXT,APPROVED_LIMITED,Ad Group,124554323,12332132132,130
,1111111111,UK Account,111111111471,ADVERTISER,CALLOUT,REVIEWED,TRADEMARKS_IN_AD_TEXT,APPROVED_LIMITED,Ad Group,124554323,12332132132,26
,1111111111,UK Account,111111111472,ADVERTISER,CALLOUT,REVIEWED,TRADEMARKS_IN_AD_TEXT,APPROVED_LIMITED,Ad Group,124554323,12332132132,41
,1111111111,UK Account,111111111473,ADVERTISER,CALLOUT,REVIEWED,TRADEMARKS_IN_AD_TEXT,APPROVED_LIMITED,Ad Group,124554323,12332132132,41
,1111111111,UK Account,111111111474,ADVERTISER,CALLOUT,REVIEWED,TRADEMARKS_IN_AD_TEXT,APPROVED_LIMITED,Ad Group,124554323,12332132132,69
,1111111111,UK Account,111111111475,ADVERTISER,CALLOUT,REVIEWED,TRADEMARKS_IN_AD_TEXT,APPROVED_LIMITED,Ad Group,124554323,12332132132,12
,1111111111,UK Account,111111111476,ADVERTISER,CALLOUT,REVIEWED,TRADEMARKS_IN_AD_TEXT,APPROVED_LIMITED,Ad Group,124554323,12332132132,483
,1111111111,UK Account,111111111477,ADVERTISER,CALLOUT,REVIEWED,TRADEMARKS_IN_AD_TEXT,APPROVED_LIMITED,Ad Group,124554323,12332132132,112
,1111111111,UK Account,111111111478,ADVERTISER,CALLOUT,REVIEWED,TRADEMARKS_IN_AD_TEXT,APPROVED_LIMITED,Ad Group,124554323,12332132132,131
,1111111111,UK Account,111111111479,ADVERTISER,CALLOUT,REVIEWED,TRADEMARKS_IN_AD_TEXT,APPROVED_LIMITED,Ad Group,124554323,12332132132,131
,1111111111,UK Account,111111111480,ADVERTISER,CALLOUT,REVIEWED,TRADEMARKS_IN_AD_TEXT,APPROVED_LIMITED,Ad Group,124554323,12332132132,31
,1111111111,UK Account,111111111481,ADVERTISER,CALLOUT,REVIEWED,TRADEMARKS_IN_AD_TEXT,APPROVED_LIMITED,Ad Group,124554323,12332132132,15
,1111111111,UK Account,111111111482,ADVERTISER,CALLOUT,REVIEWED,TRADEMARKS_IN_AD_TEXT,APPROVED_LIMITED,Ad Group,124554323,12332132132,15
,1111111111,UK Account,111111111483,ADVERTISER,CALLOUT,REVIEWED,TRADEMARKS_IN_AD_TEXT,APPROVED_LIMITED,Ad Group,124554323,12332132132,15
,1111111111,UK Account,111111111484,ADVERTISER,CALLOUT,REVIEWED,TRADEMARKS_IN_AD_TEXT,APPROVED_LIMITED,Ad Group,124554323,12332132132,15
,1111111111,UK Account,111111111485,ADVERTISER,CALLOUT,REVIEWED,TRADEMARKS_IN_AD_TEXT,APPROVED_LIMITED,Ad Group,124554323,12332132132,1
,1111111111,UK Account,111111111486,ADVERTISER,CALLOUT,REVIEWED,TRADEMARKS_IN_AD_TEXT,APPROVED_LIMITED,Ad Group,124554323,12332132132,1
,1111111111,UK Account,111111111487,ADVERTISER,CALLOUT,REVIEWED,TRADEMARKS_IN_AD_TEXT,APPROVED_LIMITED,Ad Group,124554323,12332132132,1
,1111111111,UK Account,111111111488,ADVERTISER,CALLOUT,REVIEWED,RECREATIONAL_DRUGS | TOBACCO,DISAPPROVED,Ad Group,124554323,12332132132,3
,1111111111,UK Account,111111111489,ADVERTISER,CALLOUT,REVIEWED,TRADEMARKS_IN_AD_TEXT,APPROVED_LIMITED,Ad Group,124554323,12332132132,1
,1111111111,UK Account,111111111490,ADVERTISER,CALLOUT,REVIEWED,TRADEMARKS_IN_AD_TEXT,APPROVED_LIMITED,Ad Group,124554323,12332132132,1
,1111111111,UK Account,111111111491,ADVERTISER,CALLOUT,REVIEWED,TRADEMARKS_IN_AD_TEXT,APPROVED_LIMITED,Ad Group,124554323,12332132132,1
,1111111111,UK Account,111111111492,ADVERTISER,CALLOUT,REVIEWED,TRADEMARKS_IN_AD_TEXT,APPROVED_LIMITED,Ad Group,124554323,12332132132,27
,1111111111,UK Account,111111111493,ADVERTISER,CALLOUT,REVIEWED,TRADEMARKS_IN_AD_TEXT,APPROVED_LIMITED,Ad Group,124554323,12332132132,2
,1111111111,UK Account,111111111494,ADVERTISER,CALLOUT,REVIEWED,TOBACCO | RECREATIONAL_DRUGS,DISAPPROVED,Ad Group,124554323,12332132132,21
,1111111111,UK Account,111111111495,ADVERTISER,SITELINK,REVIEWED,INSUFFICIENT_ORIGINAL_CONTENT,DISAPPROVED,Ad Group,124554323,12332132132,36
,1111111111,UK Account,111111111496,ADVERTISER,SITELINK,REVIEWED,TRADEMARKS_IN_AD_TEXT,APPROVED_LIMITED,Ad Group,124554323,12332132132,108
,1111111111,UK Account,111111111497,ADVERTISER,SITELINK,REVIEWED,TRADEMARKS_IN_AD_TEXT,APPROVED_LIMITED,Ad Group,124554323,12332132132,483
,1111111111,UK Account,111111111498,ADVERTISER,SITELINK,REVIEWED,INSUFFICIENT_ORIGINAL_CONTENT,DISAPPROVED,Ad Group,124554323,12332132132,31
,1111111111,UK Account,111111111499,ADVERTISER,SITELINK,REVIEWED,INSUFFICIENT_ORIGINAL_CONTENT,DISAPPROVED,Ad Group,124554323,12332132132,31
,1111111111,UK Account,111111111500,ADVERTISER,SITELINK,REVIEWED,TRADEMARKS_IN_AD_TEXT,APPROVED_LIMITED,Ad Group,124554323,12332132132,3
,1111111111,UK Account,111111111501,ADVERTISER,SITELINK,REVIEWED,TRADEMARKS_IN_AD_TEXT,APPROVED_LIMITED,Ad Group,124554323,12332132132,4
,1111111111,UK Account,111111111502,ADVERTISER,MOBILE_APP,REVIEWED,TRADEMARKS_IN_AD_TEXT,APPROVED_LIMITED,Ad Group,124554323,12332132132,470
,1111111111,UK Account,111111111503,ADVERTISER,MOBILE_APP,REVIEWED,TRADEMARKS_IN_AD_TEXT,APPROVED_LIMITED,Ad Group,124554323,12332132132,478
,1111111111,UK Account,111111111504,ADVERTISER,STRUCTURED_SNIPPET,REVIEWED,TRADEMARKS_IN_AD_TEXT,APPROVED_LIMITED,Account,124554323,12332132132,1
,1111111111,UK Account,111111111505,ADVERTISER,STRUCTURED_SNIPPET,REVIEWED,TRADEMARKS_IN_AD_TEXT,APPROVED_LIMITED,Ad Group,124554323,12332132132,99
,1111111111,UK Account,111111111506,ADVERTISER,STRUCTURED_SNIPPET,REVIEWED,TRADEMARKS_IN_AD_TEXT,APPROVED_LIMITED,Ad Group,124554323,12332132132,65
,1111111111,UK Account,111111111507,ADVERTISER,STRUCTURED_SNIPPET,REVIEWED,TRADEMARKS_IN_AD_TEXT,APPROVED_LIMITED,Ad Group,124554323,12332132132,13
,1111111111,UK Account,111111111508,ADVERTISER,STRUCTURED_SNIPPET,REVIEWED,TRADEMARKS_IN_AD_TEXT,APPROVED_LIMITED,Ad Group,124554323,12332132132,128
,1111111111,UK Account,111111111509,ADVERTISER,STRUCTURED_SNIPPET,REVIEWED,TRADEMARKS_IN_AD_TEXT,APPROVED_LIMITED,Ad Group,124554323,12332132132,27
,1111111111,UK Account,111111111510,ADVERTISER,STRUCTURED_SNIPPET,REVIEWED,TRADEMARKS_IN_AD_TEXT | TRADEMARKS,APPROVED_LIMITED,Ad Group,124554323,12332132132,33
,1111111111,UK Account,111111111511,ADVERTISER,STRUCTURED_SNIPPET,REVIEWED,TRADEMARKS_IN_AD_TEXT,APPROVED_LIMITED,Ad Group,124554323,12332132132,12
,1111111111,UK Account,111111111512,ADVERTISER,STRUCTURED_SNIPPET,REVIEWED,TRADEMARKS_IN_AD_TEXT,APPROVED_LIMITED,Ad Group,124554323,12332132132,28
,1111111111,UK Account,111111111513,ADVERTISER,STRUCTURED_SNIPPET,REVIEWED,TRADEMARKS_IN_AD_TEXT,APPROVED_LIMITED,Ad Group,124554323,12332132132,65
,1111111111,UK Account,111111111514,ADVERTISER,STRUCTURED_SNIPPET,REVIEWED,TRADEMARKS_IN_AD_TEXT,APPROVED_LIMITED,Ad Group,124554323,12332132132,65
,1111111111,UK Account,111111111515,ADVERTISER,STRUCTURED_SNIPPET,REVIEWED,TRADEMARKS_IN_AD_TEXT,APPROVED_LIMITED,Ad Group,124554323,12332132132,3
,1111111111,UK Account,111111111516,ADVERTISER,STRUCTURED_SNIPPET,REVIEWED,TRADEMARKS_IN_AD_TEXT,APPROVED_LIMITED,Ad Group,124554323,12332132132,1
,1111111111,UK Account,111111111517,ADVERTISER,STRUCTURED_SNIPPET,REVIEWED,TRADEMARKS_IN_AD_TEXT,APPROVED_LIMITED,Ad Group,124554323,12332132132,1
,1111111111,UK Account,111111111518,ADVERTISER,STRUCTURED_SNIPPET,REVIEWED,TRADEMARKS_IN_AD_TEXT,APPROVED_LIMITED,Ad Group,124554323,12332132132,3
,1111111111,UK Account,111111111519,ADVERTISER,STRUCTURED_SNIPPET,REVIEWED,TRADEMARKS_IN_AD_TEXT,APPROVED_LIMITED,Ad Group,124554323,12332132132,19
,1111111111,UK Account,111111111520,ADVERTISER,CALLOUT,REVIEWED,TRADEMARKS_IN_AD_TEXT,APPROVED_LIMITED,Campaign,123123123,0,1
,1111111111,UK Account,111111111521,ADVERTISER,CALLOUT,REVIEWED,TRADEMARKS_IN_AD_TEXT,APPROVED_LIMITED,Campaign,123123123,0,1
,1111111111,UK Account,111111111522,ADVERTISER,CALLOUT,REVIEWED,TRADEMARKS_IN_AD_TEXT,APPROVED_LIMITED,Campaign,123123123,0,1
,1111111111,UK Account,111111111523,ADVERTISER,CALLOUT,REVIEWED,TRADEMARKS_IN_AD_TEXT,APPROVED_LIMITED,Campaign,123123123,0,1
,1111111111,UK Account,111111111524,ADVERTISER,CALLOUT,REVIEWED,TRADEMARKS_IN_AD_TEXT,APPROVED_LIMITED,Account,0,0,1
,1111111111,UK Account,111111111525,ADVERTISER,CALLOUT,REVIEWED,TRADEMARKS_IN_AD_TEXT,APPROVED_LIMITED,Campaign,123123123,0,1
,1111111111,UK Account,111111111526,ADVERTISER,CALLOUT,REVIEWED,TRADEMARKS_IN_AD_TEXT,APPROVED_LIMITED,Campaign,123123123,0,1
,1111111111,UK Account,111111111527,ADVERTISER,CALLOUT,REVIEWED,TRADEMARKS_IN_AD_TEXT,APPROVED_LIMITED,Campaign,123123123,0,1
,1111111111,UK Account,111111111528,ADVERTISER,STRUCTURED_SNIPPET,REVIEWED,TRADEMARKS_IN_AD_TEXT,APPROVED_LIMITED,Campaign,123123123,0,1
,1111111111,UK Account,111111111529,ADVERTISER,SITELINK,REVIEWED,INSUFFICIENT_ORIGINAL_CONTENT,DISAPPROVED,Campaign,123123123,0,5
,2222222222,UK Account 2,111111111530,ADVERTISER,CALLOUT,REVIEWED,TRADEMARKS_IN_AD_TEXT,APPROVED_LIMITED,Ad Group,123123123,321321321,12
,2222222222,UK Account 2,111111111531,ADVERTISER,CALLOUT,REVIEWED,TRADEMARKS_IN_AD_TEXT,APPROVED_LIMITED,Ad Group,123123123,321321321,12
,2222222222,UK Account 2,111111111532,ADVERTISER,CALLOUT,REVIEWED,TRADEMARKS_IN_AD_TEXT,APPROVED_LIMITED,Ad Group,123123123,321321321,37
,2222222222,UK Account 2,111111111533,ADVERTISER,CALLOUT,REVIEWED,TRADEMARKS_IN_AD_TEXT,APPROVED_LIMITED,Ad Group,123123123,321321321,37
,2222222222,UK Account 2,111111111534,ADVERTISER,CALLOUT,REVIEWED,TRADEMARKS_IN_AD_TEXT,APPROVED_LIMITED,Ad Group,123123123,321321321,108
,2222222222,UK Account 2,111111111535,ADVERTISER,CALLOUT,REVIEWED,TRADEMARKS_IN_AD_TEXT,APPROVED_LIMITED,Ad Group,123123123,321321321,131
,2222222222,UK Account 2,111111111536,ADVERTISER,CALLOUT,REVIEWED,TRADEMARKS_IN_AD_TEXT,APPROVED_LIMITED,Ad Group,123123123,321321321,129
,2222222222,UK Account 2,111111111537,ADVERTISER,CALLOUT,REVIEWED,TOBACCO | RECREATIONAL_DRUGS,DISAPPROVED,Ad Group,123123123,321321321,129
,2222222222,UK Account 2,111111111538,ADVERTISER,CALLOUT,REVIEWED,TRADEMARKS_IN_AD_TEXT,APPROVED_LIMITED,Ad Group,123123123,321321321,130
,2222222222,UK Account 2,111111111539,ADVERTISER,CALLOUT,REVIEWED,TRADEMARKS_IN_AD_TEXT,APPROVED_LIMITED,Ad Group,123123123,321321321,26
,2222222222,UK Account 2,111111111540,ADVERTISER,CALLOUT,REVIEWED,TOBACCO | RECREATIONAL_DRUGS,DISAPPROVED,Ad Group,123123123,321321321,41
,2222222222,UK Account 2,111111111541,ADVERTISER,CALLOUT,REVIEWED,TRADEMARKS_IN_AD_TEXT,APPROVED_LIMITED,Ad Group,123123123,321321321,41
,2222222222,UK Account 2,111111111542,ADVERTISER,CALLOUT,REVIEWED,TRADEMARKS_IN_AD_TEXT,APPROVED_LIMITED,Ad Group,123123123,321321321,69
,2222222222,UK Account 2,111111111543,ADVERTISER,CALLOUT,REVIEWED,TRADEMARKS_IN_AD_TEXT,APPROVED_LIMITED,Ad Group,123123123,321321321,12
,2222222222,UK Account 2,111111111544,ADVERTISER,CALLOUT,REVIEWED,TOBACCO | RECREATIONAL_DRUGS,DISAPPROVED,Ad Group,123123123,321321321,483
,2222222222,UK Account 2,111111111545,ADVERTISER,CALLOUT,REVIEWED,TRADEMARKS_IN_AD_TEXT,APPROVED_LIMITED,Ad Group,123123123,321321321,112
,2222222222,UK Account 2,111111111546,ADVERTISER,CALLOUT,REVIEWED,TRADEMARKS_IN_AD_TEXT,APPROVED_LIMITED,Ad Group,123123123,321321321,131
,2222222222,UK Account 2,111111111547,ADVERTISER,CALLOUT,REVIEWED,TRADEMARKS_IN_AD_TEXT,APPROVED_LIMITED,Ad Group,123123123,321321321,131
,2222222222,UK Account 2,111111111548,ADVERTISER,CALLOUT,REVIEWED,TRADEMARKS_IN_AD_TEXT,APPROVED_LIMITED,Ad Group,123123123,321321321,31
,2222222222,UK Account 2,111111111549,ADVERTISER,CALLOUT,REVIEWED,TRADEMARKS_IN_AD_TEXT,APPROVED_LIMITED,Ad Group,123123123,321321321,15
,2222222222,UK Account 2,111111111550,ADVERTISER,CALLOUT,REVIEWED,TOBACCO | RECREATIONAL_DRUGS,DISAPPROVED,Ad Group,123123123,321321321,15
,2222222222,UK Account 2,111111111551,ADVERTISER,CALLOUT,REVIEWED,TRADEMARKS_IN_AD_TEXT,APPROVED_LIMITED,Ad Group,123123123,321321321,15
,2222222222,UK Account 2,111111111552,ADVERTISER,CALLOUT,REVIEWED,TRADEMARKS_IN_AD_TEXT,APPROVED_LIMITED,Ad Group,123123123,321321321,15
,2222222222,UK Account 2,111111111553,ADVERTISER,CALLOUT,REVIEWED,TRADEMARKS_IN_AD_TEXT,APPROVED_LIMITED,Ad Group,123123123,321321321,1
,2222222222,UK Account 2,111111111554,ADVERTISER,CALLOUT,REVIEWED,TRADEMARKS_IN_AD_TEXT,APPROVED_LIMITED,Ad Group,123123123,321321321,1
,2222222222,UK Account 2,111111111555,ADVERTISER,CALLOUT,REVIEWED,TRADEMARKS_IN_AD_TEXT,APPROVED_LIMITED,Ad Group,123123123,321321321,1
,2222222222,UK Account 2,111111111556,ADVERTISER,CALLOUT,REVIEWED,TOBACCO | RECREATIONAL_DRUGS,DISAPPROVED,Ad Group,123123123,321321321,3
,2222222222,UK Account 2,111111111557,ADVERTISER,SITELINK,REVIEWED,INSUFFICIENT_ORIGINAL_CONTENT,DISAPPROVED,Ad Group,123123123,321321321,1
,2222222222,UK Account 2,111111111558,ADVERTISER,CALLOUT,REVIEWED,TRADEMARKS_IN_AD_TEXT,APPROVED_LIMITED,Ad Group,123123123,321321321,1
,2222222222,UK Account 2,111111111559,ADVERTISER,CALLOUT,REVIEWED,TRADEMARKS_IN_AD_TEXT,APPROVED_LIMITED,Ad Group,123123123,321321321,1
,2222222222,UK Account 2,111111111560,ADVERTISER,CALLOUT,REVIEWED,TRADEMARKS_IN_AD_TEXT,APPROVED_LIMITED,Ad Group,124554323,12332132132,27
,2222222222,UK Account 2,111111111561,ADVERTISER,CALLOUT,REVIEWED,TRADEMARKS_IN_AD_TEXT,APPROVED_LIMITED,Ad Group,124554323,12332132132,2
,2222222222,UK Account 2,111111111562,ADVERTISER,CALLOUT,REVIEWED,TOBACCO | RECREATIONAL_DRUGS,DISAPPROVED,Ad Group,124554323,12332132132,21
,2222222222,UK Account 2,111111111563,ADVERTISER,SITELINK,REVIEWED,TRADEMARKS_IN_AD_TEXT,APPROVED_LIMITED,Ad Group,124554323,12332132132,36
,2222222222,UK Account 2,111111111564,ADVERTISER,SITELINK,REVIEWED,TRADEMARKS_IN_AD_TEXT,APPROVED_LIMITED,Ad Group,124554323,12332132132,108
,2222222222,UK Account 2,111111111565,ADVERTISER,SITELINK,REVIEWED,TRADEMARKS_IN_AD_TEXT,APPROVED_LIMITED,Ad Group,124554323,12332132132,483
,2222222222,UK Account 2,111111111566,ADVERTISER,SITELINK,REVIEWED,DESTINATION_NOT_WORKING,DISAPPROVED,Ad Group,124554323,12332132132,31
,2222222222,UK Account 2,111111111567,ADVERTISER,SITELINK,REVIEWED,TRADEMARKS_IN_AD_TEXT,APPROVED_LIMITED,Ad Group,124554323,12332132132,31
,2222222222,UK Account 2,111111111568,ADVERTISER,SITELINK,REVIEWED,TRADEMARKS_IN_AD_TEXT,APPROVED_LIMITED,Ad Group,124554323,12332132132,3
,2222222222,UK Account 2,111111111569,ADVERTISER,SITELINK,REVIEWED,TRADEMARKS_IN_AD_TEXT,APPROVED_LIMITED,Ad Group,124554323,12332132132,4
,2222222222,UK Account 2,111111111570,ADVERTISER,MOBILE_APP,REVIEWED,TRADEMARKS_IN_AD_TEXT,APPROVED_LIMITED,Ad Group,124554323,12332132132,470
,2222222222,UK Account 2,111111111571,ADVERTISER,MOBILE_APP,REVIEWED,TRADEMARKS_IN_AD_TEXT,APPROVED_LIMITED,Ad Group,124554323,12332132132,478
,2222222222,UK Account 2,111111111572,ADVERTISER,STRUCTURED_SNIPPET,REVIEWED,TRADEMARKS_IN_AD_TEXT,APPROVED_LIMITED,Ad Group,123123123,1235563425,33
,2222222222,UK Account 2,111111111573,ADVERTISER,STRUCTURED_SNIPPET,REVIEWED,TRADEMARKS_IN_AD_TEXT,APPROVED_LIMITED,Ad Group,123123123,1235563425,99
,2222222222,UK Account 2,111111111574,ADVERTISER,STRUCTURED_SNIPPET,REVIEWED,TRADEMARKS_IN_AD_TEXT,APPROVED_LIMITED,Ad Group,123123123,1235563425,65
,2222222222,UK Account 2,111111111575,ADVERTISER,STRUCTURED_SNIPPET,REVIEWED,TRADEMARKS_IN_AD_TEXT,APPROVED_LIMITED,Ad Group,123123123,1235563425,13
,2222222222,UK Account 2,111111111576,ADVERTISER,STRUCTURED_SNIPPET,REVIEWED,TRADEMARKS_IN_AD_TEXT,APPROVED_LIMITED,Ad Group,123123123,1235563425,128
,2222222222,UK Account 2,111111111577,ADVERTISER,STRUCTURED_SNIPPET,REVIEWED,TRADEMARKS_IN_AD_TEXT,APPROVED_LIMITED,Ad Group,123123123,1235563425,27
,2222222222,UK Account 2,111111111578,ADVERTISER,STRUCTURED_SNIPPET,REVIEWED,TRADEMARKS | TRADEMARKS_IN_AD_TEXT,APPROVED_LIMITED,Ad Group,123123123,1235563425,33
,2222222222,UK Account 2,111111111579,ADVERTISER,STRUCTURED_SNIPPET,REVIEWED,TRADEMARKS_IN_AD_TEXT,APPROVED_LIMITED,Ad Group,123123123,1235563425,12
,2222222222,UK Account 2,111111111580,ADVERTISER,STRUCTURED_SNIPPET,REVIEWED,TRADEMARKS_IN_AD_TEXT,APPROVED_LIMITED,Ad Group,123123123,1235563425,28
,2222222222,UK Account 2,111111111581,ADVERTISER,STRUCTURED_SNIPPET,REVIEWED,TRADEMARKS_IN_AD_TEXT,APPROVED_LIMITED,Ad Group,123123123,1235563425,65
,2222222222,UK Account 2,111111111582,ADVERTISER,STRUCTURED_SNIPPET,REVIEWED,TRADEMARKS_IN_AD_TEXT,APPROVED_LIMITED,Ad Group,123123123,1235563425,65
,2222222222,UK Account 2,111111111583,ADVERTISER,STRUCTURED_SNIPPET,REVIEWED,TRADEMARKS_IN_AD_TEXT,APPROVED_LIMITED,Ad Group,123123123,1235563425,3
,2222222222,UK Account 2,111111111584,ADVERTISER,STRUCTURED_SNIPPET,REVIEWED,TRADEMARKS_IN_AD_TEXT,APPROVED_LIMITED,Ad Group,123123123,1235563425,1
,2222222222,UK Account 2,111111111585,ADVERTISER,STRUCTURED_SNIPPET,REVIEWED,TRADEMARKS_IN_AD_TEXT,APPROVED_LIMITED,Ad Group,123123123,1235563425,1
,2222222222,UK Account 2,111111111586,ADVERTISER,STRUCTURED_SNIPPET,REVIEWED,TRADEMARKS_IN_AD_TEXT,APPROVED_LIMITED,Ad Group,123123123,1235563425,3
,2222222222,UK Account 2,111111111587,ADVERTISER,STRUCTURED_SNIPPET,REVIEWED,TRADEMARKS_IN_AD_TEXT,APPROVED_LIMITED,Ad Group,123123123,1235563425,19
,2222222222,UK Account 2,111111111588,ADVERTISER,CALLOUT,REVIEWED,TRADEMARKS_IN_AD_TEXT,APPROVED_LIMITED,Campaign,123123123,0,1
,2222222222,UK Account 2,111111111589,ADVERTISER,SITELINK,REVIEWED,INSUFFICIENT_ORIGINAL_CONTENT,DISAPPROVED,Campaign,123123123,0,1
,2222222222,UK Account 2,111111111590,ADVERTISER,CALLOUT,REVIEWED,TRADEMARKS_IN_AD_TEXT,APPROVED_LIMITED,Campaign,123123123,0,1
,2222222222,UK Account 2,111111111591,ADVERTISER,CALLOUT,REVIEWED,TRADEMARKS_IN_AD_TEXT,APPROVED_LIMITED,Campaign,123123123,0,1
,2222222222,UK Account 2,111111111592,ADVERTISER,CALLOUT,REVIEWED,TRADEMARKS_IN_AD_TEXT,APPROVED_LIMITED,Campaign,123123123,0,1
,2222222222,UK Account 2,111111111593,ADVERTISER,CALLOUT,REVIEWED,TRADEMARKS_IN_AD_TEXT,APPROVED_LIMITED,Campaign,123123123,0,1
,2222222222,UK Account 2,111111111594,ADVERTISER,CALLOUT,REVIEWED,TRADEMARKS_IN_AD_TEXT,APPROVED_LIMITED,Campaign,123123123,0,1
,2222222222,UK Account 2,111111111595,ADVERTISER,CALLOUT,REVIEWED,TRADEMARKS_IN_AD_TEXT,APPROVED_LIMITED,Account,0,0,1
,2222222222,UK Account 2,111111111596,ADVERTISER,STRUCTURED_SNIPPET,REVIEWED,TRADEMARKS_IN_AD_TEXT,APPROVED_LIMITED,Campaign,333333333,0,1
,2222222222,UK Account 2,111111111597,ADVERTISER,SITELINK,REVIEWED,INSUFFICIENT_ORIGINAL_CONTENT,DISAPPROVED,Campaign,333333333,0,5
,2222222222,UK Account 2,111111111598,ADVERTISER,CALLOUT,REVIEWED,TRADEMARKS_IN_AD_TEXT,APPROVED_LIMITED,Ad Group,333333333,11111111333,12
,2222222222,UK Account 2,111111111599,ADVERTISER,CALLOUT,REVIEWED,TRADEMARKS_IN_AD_TEXT,APPROVED_LIMITED,Ad Group,333333333,11111111333,12
,2222222222,UK Account 2,111111111600,ADVERTISER,CALLOUT,REVIEWED,TOBACCO | RECREATIONAL_DRUGS,DISAPPROVED,Account,0,0,1
,2222222222,UK Account 2,111111111601,ADVERTISER,CALLOUT,REVIEWED,TRADEMARKS_IN_AD_TEXT,APPROVED_LIMITED,Ad Group,333333333,11111111333,37
,2222222222,UK Account 2,111111111602,ADVERTISER,SITELINK,REVIEWED,INSUFFICIENT_ORIGINAL_CONTENT,DISAPPROVED,Ad Group,333333333,11111111333,108
,2222222222,UK Account 2,111111111603,ADVERTISER,SITELINK,REVIEWED,INSUFFICIENT_ORIGINAL_CONTENT,DISAPPROVED,Ad Group,333333333,11111111333,131
,2222222222,UK Account 2,111111111604,ADVERTISER,CALLOUT,REVIEWED,TOBACCO | RECREATIONAL_DRUGS,DISAPPROVED,Ad Group,333333333,11111111333,129
,2222222222,UK Account 2,111111111605,ADVERTISER,CALLOUT,REVIEWED,TRADEMARKS_IN_AD_TEXT,APPROVED_LIMITED,Ad Group,333333333,11111111333,129
,2222222222,UK Account 2,111111111606,ADVERTISER,CALLOUT,REVIEWED,TRADEMARKS_IN_AD_TEXT,APPROVED_LIMITED,Ad Group,333333333,11111111333,130
,2222222222,UK Account 2,111111111607,ADVERTISER,CALLOUT,REVIEWED,TRADEMARKS_IN_AD_TEXT,APPROVED_LIMITED,Ad Group,333333333,11111111333,26
,2222222222,UK Account 2,111111111608,ADVERTISER,CALLOUT,REVIEWED,TRADEMARKS_IN_AD_TEXT,APPROVED_LIMITED,Ad Group,333333333,11111111333,41
,2222222222,UK Account 2,111111111609,ADVERTISER,CALLOUT,REVIEWED,TRADEMARKS_IN_AD_TEXT,APPROVED_LIMITED,Ad Group,333333333,11111111333,41
,2222222222,UK Account 2,111111111610,ADVERTISER,CALLOUT,REVIEWED,TRADEMARKS_IN_AD_TEXT,APPROVED_LIMITED,Ad Group,333333333,11111111333,69